run_id,experiment_id,status,artifact_uri,start_time,end_time,metrics.train_loss,metrics.val_loss,metrics.val_r2,metrics.avg_train_mse,metrics.avg_val_r2,metrics.avg_val_mse,params.train_method,params.momentum,params.model_type,params.weight_init_method,params.num_epochs,params.learning_rate,params.batch_size,params.lambda,tags.mlflow.parentRunId,tags.mlflow.source.type,tags.mlflow.source.name,tags.mlflow.runName,tags.mlflow.user
1ad85eaa459048d68b07875036290022,769694705593400528,FINISHED,mlflow-artifacts:/769694705593400528/1ad85eaa459048d68b07875036290022/artifacts,2025-09-10 13:46:50.534000+00:00,2025-09-10 13:47:10.501000+00:00,11.719401017544671,13.077980232602007,-17.55681674014023,,,,mini-batch,0.9,Polynomial,xavier,500,0.0001,50,,d7416a70e47f43cc88f46b47c1d4a0e9,LOCAL,d:\AT82.03-ML-Car-Price-Prediction\.venv\Lib\site-packages\ipykernel_launcher.py,Fold-2,promb
b43dc3b4c63f4cd1ac974a973c39363e,769694705593400528,FINISHED,mlflow-artifacts:/769694705593400528/b43dc3b4c63f4cd1ac974a973c39363e/artifacts,2025-09-10 13:46:31.540000+00:00,2025-09-10 13:46:50.508000+00:00,10.831028672297178,12.169874512256792,-15.929828781948498,,,,mini-batch,0.9,Polynomial,xavier,500,0.0001,50,,d7416a70e47f43cc88f46b47c1d4a0e9,LOCAL,d:\AT82.03-ML-Car-Price-Prediction\.venv\Lib\site-packages\ipykernel_launcher.py,Fold-1,promb
970232f6316e42058b34e6e8cc53b372,769694705593400528,FINISHED,mlflow-artifacts:/769694705593400528/970232f6316e42058b34e6e8cc53b372/artifacts,2025-09-10 13:46:11.677000+00:00,2025-09-10 13:46:31.515000+00:00,11.439569580654688,12.968843896628497,-17.616026698639697,,,,mini-batch,0.9,Polynomial,xavier,500,0.0001,50,,d7416a70e47f43cc88f46b47c1d4a0e9,LOCAL,d:\AT82.03-ML-Car-Price-Prediction\.venv\Lib\site-packages\ipykernel_launcher.py,Fold-0,promb
d7416a70e47f43cc88f46b47c1d4a0e9,769694705593400528,FINISHED,mlflow-artifacts:/769694705593400528/d7416a70e47f43cc88f46b47c1d4a0e9/artifacts,2025-09-10 13:46:11.582000+00:00,2025-09-10 13:47:10.619000+00:00,,,,11.329999756832178,-17.03422407357614,12.738899547162433,mini-batch,0.9,Polynomial,xavier,500,0.0001,50,,,LOCAL,d:\AT82.03-ML-Car-Price-Prediction\.venv\Lib\site-packages\ipykernel_launcher.py,Reg-Polynomial_TrainMethod-mini-batch_BatchSize-50_Momentum-0.9_WeightInit-xavier_LR-0.0001,promb
273614647c184160ae1ff089749e3d6c,769694705593400528,FINISHED,mlflow-artifacts:/769694705593400528/273614647c184160ae1ff089749e3d6c/artifacts,2025-09-10 13:45:50.331000+00:00,2025-09-10 13:46:11.430000+00:00,1.3152727734842162,2.4830972194805514,-2.523355994604112,,,,mini-batch,0.9,Polynomial,xavier,500,0.001,50,,d0e1c94b2067451e9561e5e0ddce109e,LOCAL,d:\AT82.03-ML-Car-Price-Prediction\.venv\Lib\site-packages\ipykernel_launcher.py,Fold-2,promb
cdaacd5bccfe4126b9021f26ca180e2b,769694705593400528,FINISHED,mlflow-artifacts:/769694705593400528/cdaacd5bccfe4126b9021f26ca180e2b/artifacts,2025-09-10 13:45:30.313000+00:00,2025-09-10 13:45:50.304000+00:00,2.327555229089308,2.8900485482369964,-3.020421660378971,,,,mini-batch,0.9,Polynomial,xavier,500,0.001,50,,d0e1c94b2067451e9561e5e0ddce109e,LOCAL,d:\AT82.03-ML-Car-Price-Prediction\.venv\Lib\site-packages\ipykernel_launcher.py,Fold-1,promb
7ebc726078e744249d0c2cf2f58dce3d,769694705593400528,FINISHED,mlflow-artifacts:/769694705593400528/7ebc726078e744249d0c2cf2f58dce3d/artifacts,2025-09-10 13:45:10.077000+00:00,2025-09-10 13:45:30.287000+00:00,3.4983590605624477,2.6773338246209515,-2.8431581378870625,,,,mini-batch,0.9,Polynomial,xavier,500,0.001,50,,d0e1c94b2067451e9561e5e0ddce109e,LOCAL,d:\AT82.03-ML-Car-Price-Prediction\.venv\Lib\site-packages\ipykernel_launcher.py,Fold-0,promb
d0e1c94b2067451e9561e5e0ddce109e,769694705593400528,FINISHED,mlflow-artifacts:/769694705593400528/d0e1c94b2067451e9561e5e0ddce109e/artifacts,2025-09-10 13:45:09.971000+00:00,2025-09-10 13:46:11.553000+00:00,,,,2.380395687711991,-2.7956452642900484,2.6834931974461664,mini-batch,0.9,Polynomial,xavier,500,0.001,50,,,LOCAL,d:\AT82.03-ML-Car-Price-Prediction\.venv\Lib\site-packages\ipykernel_launcher.py,Reg-Polynomial_TrainMethod-mini-batch_BatchSize-50_Momentum-0.9_WeightInit-xavier_LR-0.001,promb
9639d96eca9a4809a3dbe7fa629a9963,769694705593400528,FINISHED,mlflow-artifacts:/769694705593400528/9639d96eca9a4809a3dbe7fa629a9963/artifacts,2025-09-10 13:45:09.639000+00:00,2025-09-10 13:45:09.835000+00:00,inf,inf,-inf,,,,mini-batch,0.9,Polynomial,xavier,500,0.01,50,,0718dd6320fc49a4915940752ffec4a8,LOCAL,d:\AT82.03-ML-Car-Price-Prediction\.venv\Lib\site-packages\ipykernel_launcher.py,Fold-2,promb
4247f80461fa4352a57514b88ad76f2e,769694705593400528,FINISHED,mlflow-artifacts:/769694705593400528/4247f80461fa4352a57514b88ad76f2e/artifacts,2025-09-10 13:45:09.397000+00:00,2025-09-10 13:45:09.612000+00:00,inf,inf,-inf,,,,mini-batch,0.9,Polynomial,xavier,500,0.01,50,,0718dd6320fc49a4915940752ffec4a8,LOCAL,d:\AT82.03-ML-Car-Price-Prediction\.venv\Lib\site-packages\ipykernel_launcher.py,Fold-1,promb
6a1c4a4721bc4e2d809d09035b172f9e,769694705593400528,FINISHED,mlflow-artifacts:/769694705593400528/6a1c4a4721bc4e2d809d09035b172f9e/artifacts,2025-09-10 13:45:09.179000+00:00,2025-09-10 13:45:09.371000+00:00,inf,inf,-inf,,,,mini-batch,0.9,Polynomial,xavier,500,0.01,50,,0718dd6320fc49a4915940752ffec4a8,LOCAL,d:\AT82.03-ML-Car-Price-Prediction\.venv\Lib\site-packages\ipykernel_launcher.py,Fold-0,promb
0718dd6320fc49a4915940752ffec4a8,769694705593400528,FINISHED,mlflow-artifacts:/769694705593400528/0718dd6320fc49a4915940752ffec4a8/artifacts,2025-09-10 13:45:09.095000+00:00,2025-09-10 13:45:09.946000+00:00,,,,inf,-inf,inf,mini-batch,0.9,Polynomial,xavier,500,0.01,50,,,LOCAL,d:\AT82.03-ML-Car-Price-Prediction\.venv\Lib\site-packages\ipykernel_launcher.py,Reg-Polynomial_TrainMethod-mini-batch_BatchSize-50_Momentum-0.9_WeightInit-xavier_LR-0.01,promb
24e29230bd3e4404a3eb38fdf08c2187,769694705593400528,FINISHED,mlflow-artifacts:/769694705593400528/24e29230bd3e4404a3eb38fdf08c2187/artifacts,2025-09-10 13:44:49.194000+00:00,2025-09-10 13:45:08.955000+00:00,8.484230412395735,13.073422708052094,-17.550349904561863,,,,mini-batch,0.9,Polynomial,zero,500,0.0001,50,,c62120a95e5947afb87cd09c71ce1f33,LOCAL,d:\AT82.03-ML-Car-Price-Prediction\.venv\Lib\site-packages\ipykernel_launcher.py,Fold-2,promb
73971fd231dc4367a65a8e7d30d87de7,769694705593400528,FINISHED,mlflow-artifacts:/769694705593400528/73971fd231dc4367a65a8e7d30d87de7/artifacts,2025-09-10 13:44:28.791000+00:00,2025-09-10 13:44:49.169000+00:00,13.946545936581547,12.209689428106769,-15.98521634635016,,,,mini-batch,0.9,Polynomial,zero,500,0.0001,50,,c62120a95e5947afb87cd09c71ce1f33,LOCAL,d:\AT82.03-ML-Car-Price-Prediction\.venv\Lib\site-packages\ipykernel_launcher.py,Fold-1,promb
090a15660d094564b527577f77c1831c,769694705593400528,FINISHED,mlflow-artifacts:/769694705593400528/090a15660d094564b527577f77c1831c/artifacts,2025-09-10 13:44:08.389000+00:00,2025-09-10 13:44:28.765000+00:00,26.5648713344905,12.98149198526221,-17.634182299676205,,,,mini-batch,0.9,Polynomial,zero,500,0.0001,50,,c62120a95e5947afb87cd09c71ce1f33,LOCAL,d:\AT82.03-ML-Car-Price-Prediction\.venv\Lib\site-packages\ipykernel_launcher.py,Fold-0,promb
c62120a95e5947afb87cd09c71ce1f33,769694705593400528,FINISHED,mlflow-artifacts:/769694705593400528/c62120a95e5947afb87cd09c71ce1f33/artifacts,2025-09-10 13:44:08.302000+00:00,2025-09-10 13:45:09.071000+00:00,,,,16.331882561155926,-17.056582850196076,12.75486804047369,mini-batch,0.9,Polynomial,zero,500,0.0001,50,,,LOCAL,d:\AT82.03-ML-Car-Price-Prediction\.venv\Lib\site-packages\ipykernel_launcher.py,Reg-Polynomial_TrainMethod-mini-batch_BatchSize-50_Momentum-0.9_WeightInit-zero_LR-0.0001,promb
5aa743df502f4da4b98bb6b50855e183,769694705593400528,FINISHED,mlflow-artifacts:/769694705593400528/5aa743df502f4da4b98bb6b50855e183/artifacts,2025-09-10 13:43:48.157000+00:00,2025-09-10 13:44:08.169000+00:00,2.4099224818032416,2.5021187008802963,-2.5503462590167403,,,,mini-batch,0.9,Polynomial,zero,500,0.001,50,,e8e32659147d4432b4310480005c113f,LOCAL,d:\AT82.03-ML-Car-Price-Prediction\.venv\Lib\site-packages\ipykernel_launcher.py,Fold-2,promb
f02241cd26754e3abdc5946948f32b6a,769694705593400528,FINISHED,mlflow-artifacts:/769694705593400528/f02241cd26754e3abdc5946948f32b6a/artifacts,2025-09-10 13:43:28.301000+00:00,2025-09-10 13:43:48.130000+00:00,2.611167313489138,2.8488290757918637,-2.9630801807872533,,,,mini-batch,0.9,Polynomial,zero,500,0.001,50,,e8e32659147d4432b4310480005c113f,LOCAL,d:\AT82.03-ML-Car-Price-Prediction\.venv\Lib\site-packages\ipykernel_launcher.py,Fold-1,promb
5f9593b2e8be4fbaa9a23e5f4d3826d7,769694705593400528,FINISHED,mlflow-artifacts:/769694705593400528/5f9593b2e8be4fbaa9a23e5f4d3826d7/artifacts,2025-09-10 13:43:08.603000+00:00,2025-09-10 13:43:28.274000+00:00,3.39199902293523,2.563441365925883,-2.679672088649296,,,,mini-batch,0.9,Polynomial,zero,500,0.001,50,,e8e32659147d4432b4310480005c113f,LOCAL,d:\AT82.03-ML-Car-Price-Prediction\.venv\Lib\site-packages\ipykernel_launcher.py,Fold-0,promb
e8e32659147d4432b4310480005c113f,769694705593400528,FINISHED,mlflow-artifacts:/769694705593400528/e8e32659147d4432b4310480005c113f/artifacts,2025-09-10 13:43:08.525000+00:00,2025-09-10 13:44:08.275000+00:00,,,,2.8043629394092036,-2.731032842817763,2.6381297141993474,mini-batch,0.9,Polynomial,zero,500,0.001,50,,,LOCAL,d:\AT82.03-ML-Car-Price-Prediction\.venv\Lib\site-packages\ipykernel_launcher.py,Reg-Polynomial_TrainMethod-mini-batch_BatchSize-50_Momentum-0.9_WeightInit-zero_LR-0.001,promb
6b5657a6d00247a58d8a61c8c510c84f,769694705593400528,FINISHED,mlflow-artifacts:/769694705593400528/6b5657a6d00247a58d8a61c8c510c84f/artifacts,2025-09-10 13:43:08.191000+00:00,2025-09-10 13:43:08.398000+00:00,inf,inf,-inf,,,,mini-batch,0.9,Polynomial,zero,500,0.01,50,,3ad2f539a90d4e0d9e34840d880aba38,LOCAL,d:\AT82.03-ML-Car-Price-Prediction\.venv\Lib\site-packages\ipykernel_launcher.py,Fold-2,promb
4140136c05db4acba2e89e4b11b97f37,769694705593400528,FINISHED,mlflow-artifacts:/769694705593400528/4140136c05db4acba2e89e4b11b97f37/artifacts,2025-09-10 13:43:07.974000+00:00,2025-09-10 13:43:08.164000+00:00,inf,inf,-inf,,,,mini-batch,0.9,Polynomial,zero,500,0.01,50,,3ad2f539a90d4e0d9e34840d880aba38,LOCAL,d:\AT82.03-ML-Car-Price-Prediction\.venv\Lib\site-packages\ipykernel_launcher.py,Fold-1,promb
37c7a1c5bf414e0eb125d7800e8c8bf4,769694705593400528,FINISHED,mlflow-artifacts:/769694705593400528/37c7a1c5bf414e0eb125d7800e8c8bf4/artifacts,2025-09-10 13:43:07.713000+00:00,2025-09-10 13:43:07.947000+00:00,inf,inf,-inf,,,,mini-batch,0.9,Polynomial,zero,500,0.01,50,,3ad2f539a90d4e0d9e34840d880aba38,LOCAL,d:\AT82.03-ML-Car-Price-Prediction\.venv\Lib\site-packages\ipykernel_launcher.py,Fold-0,promb
3ad2f539a90d4e0d9e34840d880aba38,769694705593400528,FINISHED,mlflow-artifacts:/769694705593400528/3ad2f539a90d4e0d9e34840d880aba38/artifacts,2025-09-10 13:43:07.606000+00:00,2025-09-10 13:43:08.502000+00:00,,,,inf,-inf,inf,mini-batch,0.9,Polynomial,zero,500,0.01,50,,,LOCAL,d:\AT82.03-ML-Car-Price-Prediction\.venv\Lib\site-packages\ipykernel_launcher.py,Reg-Polynomial_TrainMethod-mini-batch_BatchSize-50_Momentum-0.9_WeightInit-zero_LR-0.01,promb
fe7f8c8c622143c0ba641e1e32d9711b,769694705593400528,FINISHED,mlflow-artifacts:/769694705593400528/fe7f8c8c622143c0ba641e1e32d9711b/artifacts,2025-09-10 13:42:30.248000+00:00,2025-09-10 13:43:07.382000+00:00,0.014373195363338295,0.36401467041256524,0.48348648572436714,,,,stochastic,0.9,Polynomial,xavier,500,0.0001,None,,d5e57d23213a4003b779443308c5a75b,LOCAL,d:\AT82.03-ML-Car-Price-Prediction\.venv\Lib\site-packages\ipykernel_launcher.py,Fold-2,promb
509d92ff5811485fa8f3746735a6f44d,769694705593400528,FINISHED,mlflow-artifacts:/769694705593400528/509d92ff5811485fa8f3746735a6f44d/artifacts,2025-09-10 13:42:21.905000+00:00,2025-09-10 13:42:30.222000+00:00,0.7438480521037493,2.5911744247760344,-2.6046500981945786,,,,stochastic,0.9,Polynomial,xavier,500,0.0001,None,,d5e57d23213a4003b779443308c5a75b,LOCAL,d:\AT82.03-ML-Car-Price-Prediction\.venv\Lib\site-packages\ipykernel_launcher.py,Fold-1,promb
aeb2234721e34af7a03e4ae588c98816,769694705593400528,FINISHED,mlflow-artifacts:/769694705593400528/aeb2234721e34af7a03e4ae588c98816/artifacts,2025-09-10 13:41:46.717000+00:00,2025-09-10 13:42:21.878000+00:00,0.8965890624772241,0.42082337580038365,0.39593233893822677,,,,stochastic,0.9,Polynomial,xavier,500,0.0001,None,,d5e57d23213a4003b779443308c5a75b,LOCAL,d:\AT82.03-ML-Car-Price-Prediction\.venv\Lib\site-packages\ipykernel_launcher.py,Fold-0,promb
d5e57d23213a4003b779443308c5a75b,769694705593400528,FINISHED,mlflow-artifacts:/769694705593400528/d5e57d23213a4003b779443308c5a75b/artifacts,2025-09-10 13:41:46.628000+00:00,2025-09-10 13:43:07.579000+00:00,,,,0.551603436648104,-0.5750770911773283,1.1253374903296611,stochastic,0.9,Polynomial,xavier,500,0.0001,None,,,LOCAL,d:\AT82.03-ML-Car-Price-Prediction\.venv\Lib\site-packages\ipykernel_launcher.py,Reg-Polynomial_TrainMethod-stochastic_Momentum-0.9_WeightInit-xavier_LR-0.0001,promb
f56f31019bd0484a9bd767afb9617f50,769694705593400528,FINISHED,mlflow-artifacts:/769694705593400528/f56f31019bd0484a9bd767afb9617f50/artifacts,2025-09-10 13:41:11.328000+00:00,2025-09-10 13:41:46.470000+00:00,0.006390489831644427,0.0863136178792051,0.8775265017475696,,,,stochastic,0.9,Polynomial,xavier,500,0.001,None,,6f86568e70d248c9a0ccf7e40aeda60c,LOCAL,d:\AT82.03-ML-Car-Price-Prediction\.venv\Lib\site-packages\ipykernel_launcher.py,Fold-2,promb
1333e42e93794311bb7c11e4afba5345,769694705593400528,FINISHED,mlflow-artifacts:/769694705593400528/1333e42e93794311bb7c11e4afba5345/artifacts,2025-09-10 13:40:36.131000+00:00,2025-09-10 13:41:11.296000+00:00,0.08327879669429075,0.1569350686208626,0.7816835466167968,,,,stochastic,0.9,Polynomial,xavier,500,0.001,None,,6f86568e70d248c9a0ccf7e40aeda60c,LOCAL,d:\AT82.03-ML-Car-Price-Prediction\.venv\Lib\site-packages\ipykernel_launcher.py,Fold-1,promb
35e94c47d077454eb5a19967bcf1838d,769694705593400528,FINISHED,mlflow-artifacts:/769694705593400528/35e94c47d077454eb5a19967bcf1838d/artifacts,2025-09-10 13:40:00.600000+00:00,2025-09-10 13:40:36.103000+00:00,2.6113854928134193,2.46598249163885,-2.5397755010885152,,,,stochastic,0.9,Polynomial,xavier,500,0.001,None,,6f86568e70d248c9a0ccf7e40aeda60c,LOCAL,d:\AT82.03-ML-Car-Price-Prediction\.venv\Lib\site-packages\ipykernel_launcher.py,Fold-0,promb
6f86568e70d248c9a0ccf7e40aeda60c,769694705593400528,FINISHED,mlflow-artifacts:/769694705593400528/6f86568e70d248c9a0ccf7e40aeda60c/artifacts,2025-09-10 13:40:00.509000+00:00,2025-09-10 13:41:46.605000+00:00,,,,0.9003515931131182,-0.29352181757471624,0.9030770593796392,stochastic,0.9,Polynomial,xavier,500,0.001,None,,,LOCAL,d:\AT82.03-ML-Car-Price-Prediction\.venv\Lib\site-packages\ipykernel_launcher.py,Reg-Polynomial_TrainMethod-stochastic_Momentum-0.9_WeightInit-xavier_LR-0.001,promb
6b48872f7f38499e81ef958ce4d0e28c,769694705593400528,FINISHED,mlflow-artifacts:/769694705593400528/6b48872f7f38499e81ef958ce4d0e28c/artifacts,2025-09-10 13:39:25.413000+00:00,2025-09-10 13:40:00.381000+00:00,,,,,,,stochastic,0.9,Polynomial,xavier,500,0.01,None,,b1746c789a5d4271ac97fd1d4694635e,LOCAL,d:\AT82.03-ML-Car-Price-Prediction\.venv\Lib\site-packages\ipykernel_launcher.py,Fold-2,promb
fb3d80d8853e4cc2a82648e4ca92c101,769694705593400528,FINISHED,mlflow-artifacts:/769694705593400528/fb3d80d8853e4cc2a82648e4ca92c101/artifacts,2025-09-10 13:38:49.428000+00:00,2025-09-10 13:39:25.387000+00:00,,,,,,,stochastic,0.9,Polynomial,xavier,500,0.01,None,,b1746c789a5d4271ac97fd1d4694635e,LOCAL,d:\AT82.03-ML-Car-Price-Prediction\.venv\Lib\site-packages\ipykernel_launcher.py,Fold-1,promb
f8099edc17d24cc49f112b8c3cb9808f,769694705593400528,FINISHED,mlflow-artifacts:/769694705593400528/f8099edc17d24cc49f112b8c3cb9808f/artifacts,2025-09-10 13:38:13.650000+00:00,2025-09-10 13:38:49.401000+00:00,,,,,,,stochastic,0.9,Polynomial,xavier,500,0.01,None,,b1746c789a5d4271ac97fd1d4694635e,LOCAL,d:\AT82.03-ML-Car-Price-Prediction\.venv\Lib\site-packages\ipykernel_launcher.py,Fold-0,promb
b1746c789a5d4271ac97fd1d4694635e,769694705593400528,FINISHED,mlflow-artifacts:/769694705593400528/b1746c789a5d4271ac97fd1d4694635e/artifacts,2025-09-10 13:38:13.568000+00:00,2025-09-10 13:40:00.487000+00:00,,,,,,,stochastic,0.9,Polynomial,xavier,500,0.01,None,,,LOCAL,d:\AT82.03-ML-Car-Price-Prediction\.venv\Lib\site-packages\ipykernel_launcher.py,Reg-Polynomial_TrainMethod-stochastic_Momentum-0.9_WeightInit-xavier_LR-0.01,promb
c46a7a497eb84bf7887464a0e33bc044,769694705593400528,FINISHED,mlflow-artifacts:/769694705593400528/c46a7a497eb84bf7887464a0e33bc044/artifacts,2025-09-10 13:37:37.194000+00:00,2025-09-10 13:38:13.440000+00:00,0.4818745163172106,0.3638932232703893,0.4836588114444623,,,,stochastic,0.9,Polynomial,zero,500,0.0001,None,,bfc66335ef1a412e8c16ae0e31c52f45,LOCAL,d:\AT82.03-ML-Car-Price-Prediction\.venv\Lib\site-packages\ipykernel_launcher.py,Fold-2,promb
6fc15ae389b846a08cead380da6a3894,769694705593400528,FINISHED,mlflow-artifacts:/769694705593400528/6fc15ae389b846a08cead380da6a3894/artifacts,2025-09-10 13:37:28.674000+00:00,2025-09-10 13:37:37.160000+00:00,0.10017603712070257,2.5655076620505852,-2.5689443973764554,,,,stochastic,0.9,Polynomial,zero,500,0.0001,None,,bfc66335ef1a412e8c16ae0e31c52f45,LOCAL,d:\AT82.03-ML-Car-Price-Prediction\.venv\Lib\site-packages\ipykernel_launcher.py,Fold-1,promb
a420b87622bc400597a12ab7c7fc02fa,769694705593400528,FINISHED,mlflow-artifacts:/769694705593400528/a420b87622bc400597a12ab7c7fc02fa/artifacts,2025-09-10 13:36:53.522000+00:00,2025-09-10 13:37:28.645000+00:00,0.004301911965695168,0.40825267325300263,0.4139768567154468,,,,stochastic,0.9,Polynomial,zero,500,0.0001,None,,bfc66335ef1a412e8c16ae0e31c52f45,LOCAL,d:\AT82.03-ML-Car-Price-Prediction\.venv\Lib\site-packages\ipykernel_launcher.py,Fold-0,promb
bfc66335ef1a412e8c16ae0e31c52f45,769694705593400528,FINISHED,mlflow-artifacts:/769694705593400528/bfc66335ef1a412e8c16ae0e31c52f45/artifacts,2025-09-10 13:36:53.444000+00:00,2025-09-10 13:38:13.546000+00:00,,,,0.19545082180120277,-0.5571029097388487,1.1125511861913258,stochastic,0.9,Polynomial,zero,500,0.0001,None,,,LOCAL,d:\AT82.03-ML-Car-Price-Prediction\.venv\Lib\site-packages\ipykernel_launcher.py,Reg-Polynomial_TrainMethod-stochastic_Momentum-0.9_WeightInit-zero_LR-0.0001,promb
714f0bde0e274b15ae95096ead9cc081,769694705593400528,FINISHED,mlflow-artifacts:/769694705593400528/714f0bde0e274b15ae95096ead9cc081/artifacts,2025-09-10 13:36:14.900000+00:00,2025-09-10 13:36:53.319000+00:00,0.0612297268640001,0.08607838830947741,0.8778602774483784,,,,stochastic,0.9,Polynomial,zero,500,0.001,None,,bfb6cd6913c84724942c4d6f6e6f9291,LOCAL,d:\AT82.03-ML-Car-Price-Prediction\.venv\Lib\site-packages\ipykernel_launcher.py,Fold-2,promb
f189380f03324a048f2ba2b0efa44e64,769694705593400528,FINISHED,mlflow-artifacts:/769694705593400528/f189380f03324a048f2ba2b0efa44e64/artifacts,2025-09-10 13:35:38.408000+00:00,2025-09-10 13:36:14.873000+00:00,0.02514839318060109,0.09705956785699758,0.8649779121539878,,,,stochastic,0.9,Polynomial,zero,500,0.001,None,,bfb6cd6913c84724942c4d6f6e6f9291,LOCAL,d:\AT82.03-ML-Car-Price-Prediction\.venv\Lib\site-packages\ipykernel_launcher.py,Fold-1,promb
e3e5e6431bb84c81b7c1c955b948a880,769694705593400528,FINISHED,mlflow-artifacts:/769694705593400528/e3e5e6431bb84c81b7c1c955b948a880/artifacts,2025-09-10 13:35:01.341000+00:00,2025-09-10 13:35:38.382000+00:00,0.12632074566409826,0.2380027259680438,0.6583608272035746,,,,stochastic,0.9,Polynomial,zero,500,0.001,None,,bfb6cd6913c84724942c4d6f6e6f9291,LOCAL,d:\AT82.03-ML-Car-Price-Prediction\.venv\Lib\site-packages\ipykernel_launcher.py,Fold-0,promb
bfb6cd6913c84724942c4d6f6e6f9291,769694705593400528,FINISHED,mlflow-artifacts:/769694705593400528/bfb6cd6913c84724942c4d6f6e6f9291/artifacts,2025-09-10 13:35:01.257000+00:00,2025-09-10 13:36:53.423000+00:00,,,,0.07089962190289982,0.800399672268647,0.14038022737817293,stochastic,0.9,Polynomial,zero,500,0.001,None,,,LOCAL,d:\AT82.03-ML-Car-Price-Prediction\.venv\Lib\site-packages\ipykernel_launcher.py,Reg-Polynomial_TrainMethod-stochastic_Momentum-0.9_WeightInit-zero_LR-0.001,promb
1d2a2d2d9eb94ae1aa2f4d7f330f49a9,769694705593400528,FINISHED,mlflow-artifacts:/769694705593400528/1d2a2d2d9eb94ae1aa2f4d7f330f49a9/artifacts,2025-09-10 13:34:25.168000+00:00,2025-09-10 13:35:01.115000+00:00,,,,,,,stochastic,0.9,Polynomial,zero,500,0.01,None,,8bc323c021ad4038851629486eb80d91,LOCAL,d:\AT82.03-ML-Car-Price-Prediction\.venv\Lib\site-packages\ipykernel_launcher.py,Fold-2,promb
9ea9d1f424f6432ca510c45d93a65f4b,769694705593400528,FINISHED,mlflow-artifacts:/769694705593400528/9ea9d1f424f6432ca510c45d93a65f4b/artifacts,2025-09-10 13:33:48.298000+00:00,2025-09-10 13:34:25.140000+00:00,,,,,,,stochastic,0.9,Polynomial,zero,500,0.01,None,,8bc323c021ad4038851629486eb80d91,LOCAL,d:\AT82.03-ML-Car-Price-Prediction\.venv\Lib\site-packages\ipykernel_launcher.py,Fold-1,promb
4955188062d54119b86952ab0e811ce3,769694705593400528,FINISHED,mlflow-artifacts:/769694705593400528/4955188062d54119b86952ab0e811ce3/artifacts,2025-09-10 13:33:12.435000+00:00,2025-09-10 13:33:48.271000+00:00,,,,,,,stochastic,0.9,Polynomial,zero,500,0.01,None,,8bc323c021ad4038851629486eb80d91,LOCAL,d:\AT82.03-ML-Car-Price-Prediction\.venv\Lib\site-packages\ipykernel_launcher.py,Fold-0,promb
8bc323c021ad4038851629486eb80d91,769694705593400528,FINISHED,mlflow-artifacts:/769694705593400528/8bc323c021ad4038851629486eb80d91/artifacts,2025-09-10 13:33:12.343000+00:00,2025-09-10 13:35:01.234000+00:00,,,,,,,stochastic,0.9,Polynomial,zero,500,0.01,None,,,LOCAL,d:\AT82.03-ML-Car-Price-Prediction\.venv\Lib\site-packages\ipykernel_launcher.py,Reg-Polynomial_TrainMethod-stochastic_Momentum-0.9_WeightInit-zero_LR-0.01,promb
f85398a0ae724c1daf3cf3c2f352a2fb,769694705593400528,FINISHED,mlflow-artifacts:/769694705593400528/f85398a0ae724c1daf3cf3c2f352a2fb/artifacts,2025-09-10 13:32:51.602000+00:00,2025-09-10 13:33:12.218000+00:00,24.229697978046033,25.836841571180884,-35.6608241986193,,,,batch,0.9,Polynomial,xavier,500,0.0001,None,,c9186cb40f5d4bdcbbe02ba2c94e6520,LOCAL,d:\AT82.03-ML-Car-Price-Prediction\.venv\Lib\site-packages\ipykernel_launcher.py,Fold-2,promb
454ec20710b04b8f8e4ffb5bc7439697,769694705593400528,FINISHED,mlflow-artifacts:/769694705593400528/454ec20710b04b8f8e4ffb5bc7439697/artifacts,2025-09-10 13:32:32.905000+00:00,2025-09-10 13:32:51.573000+00:00,25.12722286049949,23.83096509297847,-32.15187501123214,,,,batch,0.9,Polynomial,xavier,500,0.0001,None,,c9186cb40f5d4bdcbbe02ba2c94e6520,LOCAL,d:\AT82.03-ML-Car-Price-Prediction\.venv\Lib\site-packages\ipykernel_launcher.py,Fold-1,promb
faa005d5435d47729dc228043253eb38,769694705593400528,FINISHED,mlflow-artifacts:/769694705593400528/faa005d5435d47729dc228043253eb38/artifacts,2025-09-10 13:32:13.093000+00:00,2025-09-10 13:32:32.873000+00:00,24.773580713819506,24.472402194196135,-34.12872051343301,,,,batch,0.9,Polynomial,xavier,500,0.0001,None,,c9186cb40f5d4bdcbbe02ba2c94e6520,LOCAL,d:\AT82.03-ML-Car-Price-Prediction\.venv\Lib\site-packages\ipykernel_launcher.py,Fold-0,promb
c9186cb40f5d4bdcbbe02ba2c94e6520,769694705593400528,FINISHED,mlflow-artifacts:/769694705593400528/c9186cb40f5d4bdcbbe02ba2c94e6520/artifacts,2025-09-10 13:32:13.001000+00:00,2025-09-10 13:33:12.320000+00:00,,,,24.710167184121676,-33.98047324109482,24.713402952785163,batch,0.9,Polynomial,xavier,500,0.0001,None,,,LOCAL,d:\AT82.03-ML-Car-Price-Prediction\.venv\Lib\site-packages\ipykernel_launcher.py,Reg-Polynomial_TrainMethod-batch_Momentum-0.9_WeightInit-xavier_LR-0.0001,promb
3dc57897e520439292407e4961436238,769694705593400528,FINISHED,mlflow-artifacts:/769694705593400528/3dc57897e520439292407e4961436238/artifacts,2025-09-10 13:31:53.178000+00:00,2025-09-10 13:32:12.869000+00:00,21.61870188710477,22.976840400278267,-31.602665625117083,,,,batch,0.9,Polynomial,xavier,500,0.001,None,,77b6e30550594b3ba31315f6ca14c49e,LOCAL,d:\AT82.03-ML-Car-Price-Prediction\.venv\Lib\site-packages\ipykernel_launcher.py,Fold-2,promb
0a9464c289974fac935496737809c303,769694705593400528,FINISHED,mlflow-artifacts:/769694705593400528/0a9464c289974fac935496737809c303/artifacts,2025-09-10 13:31:33.491000+00:00,2025-09-10 13:31:53.151000+00:00,22.45871854532938,21.26772682432326,-28.586087625999387,,,,batch,0.9,Polynomial,xavier,500,0.001,None,,77b6e30550594b3ba31315f6ca14c49e,LOCAL,d:\AT82.03-ML-Car-Price-Prediction\.venv\Lib\site-packages\ipykernel_launcher.py,Fold-1,promb
aac3e8406c674e848db994ec0410815f,769694705593400528,FINISHED,mlflow-artifacts:/769694705593400528/aac3e8406c674e848db994ec0410815f/artifacts,2025-09-10 13:31:15.857000+00:00,2025-09-10 13:31:33.463000+00:00,21.994821431663162,21.952105837911056,-30.510980595283126,,,,batch,0.9,Polynomial,xavier,500,0.001,None,,77b6e30550594b3ba31315f6ca14c49e,LOCAL,d:\AT82.03-ML-Car-Price-Prediction\.venv\Lib\site-packages\ipykernel_launcher.py,Fold-0,promb
77b6e30550594b3ba31315f6ca14c49e,769694705593400528,FINISHED,mlflow-artifacts:/769694705593400528/77b6e30550594b3ba31315f6ca14c49e/artifacts,2025-09-10 13:31:15.775000+00:00,2025-09-10 13:32:12.977000+00:00,,,,22.024080621365773,-30.233244615466532,22.065557687504192,batch,0.9,Polynomial,xavier,500,0.001,None,,,LOCAL,d:\AT82.03-ML-Car-Price-Prediction\.venv\Lib\site-packages\ipykernel_launcher.py,Reg-Polynomial_TrainMethod-batch_Momentum-0.9_WeightInit-xavier_LR-0.001,promb
ada9e6a491d34f61ac0f9dd8669a05ba,769694705593400528,FINISHED,mlflow-artifacts:/769694705593400528/ada9e6a491d34f61ac0f9dd8669a05ba/artifacts,2025-09-10 13:31:08.169000+00:00,2025-09-10 13:31:15.648000+00:00,inf,inf,-inf,,,,batch,0.9,Polynomial,xavier,500,0.01,None,,54d121f0e3a54b74937bad58b663942c,LOCAL,d:\AT82.03-ML-Car-Price-Prediction\.venv\Lib\site-packages\ipykernel_launcher.py,Fold-2,promb
482645e93f8d4270bfb5cf3da704e373,769694705593400528,FINISHED,mlflow-artifacts:/769694705593400528/482645e93f8d4270bfb5cf3da704e373/artifacts,2025-09-10 13:31:01.647000+00:00,2025-09-10 13:31:08.142000+00:00,inf,inf,-inf,,,,batch,0.9,Polynomial,xavier,500,0.01,None,,54d121f0e3a54b74937bad58b663942c,LOCAL,d:\AT82.03-ML-Car-Price-Prediction\.venv\Lib\site-packages\ipykernel_launcher.py,Fold-1,promb
2c17704f57714e11b283d670e799ebb0,769694705593400528,FINISHED,mlflow-artifacts:/769694705593400528/2c17704f57714e11b283d670e799ebb0/artifacts,2025-09-10 13:30:54.161000+00:00,2025-09-10 13:31:01.622000+00:00,inf,inf,-inf,,,,batch,0.9,Polynomial,xavier,500,0.01,None,,54d121f0e3a54b74937bad58b663942c,LOCAL,d:\AT82.03-ML-Car-Price-Prediction\.venv\Lib\site-packages\ipykernel_launcher.py,Fold-0,promb
54d121f0e3a54b74937bad58b663942c,769694705593400528,FINISHED,mlflow-artifacts:/769694705593400528/54d121f0e3a54b74937bad58b663942c/artifacts,2025-09-10 13:30:54.066000+00:00,2025-09-10 13:31:15.753000+00:00,,,,inf,-inf,inf,batch,0.9,Polynomial,xavier,500,0.01,None,,,LOCAL,d:\AT82.03-ML-Car-Price-Prediction\.venv\Lib\site-packages\ipykernel_launcher.py,Reg-Polynomial_TrainMethod-batch_Momentum-0.9_WeightInit-xavier_LR-0.01,promb
84974003c7db444f86f21d4b9dff3f35,769694705593400528,FINISHED,mlflow-artifacts:/769694705593400528/84974003c7db444f86f21d4b9dff3f35/artifacts,2025-09-10 13:30:34.420000+00:00,2025-09-10 13:30:53.935000+00:00,24.154146384604353,25.754679661766694,-35.5442417088998,,,,batch,0.9,Polynomial,zero,500,0.0001,None,,36642820e8d7490d8bba7d0ce197a622,LOCAL,d:\AT82.03-ML-Car-Price-Prediction\.venv\Lib\site-packages\ipykernel_launcher.py,Fold-2,promb
6843022cb65b4926a3623c8db2194480,769694705593400528,FINISHED,mlflow-artifacts:/769694705593400528/6843022cb65b4926a3623c8db2194480/artifacts,2025-09-10 13:30:14.943000+00:00,2025-09-10 13:30:34.395000+00:00,25.11253795925317,23.824009651435627,-32.142199115699725,,,,batch,0.9,Polynomial,zero,500,0.0001,None,,36642820e8d7490d8bba7d0ce197a622,LOCAL,d:\AT82.03-ML-Car-Price-Prediction\.venv\Lib\site-packages\ipykernel_launcher.py,Fold-1,promb
6e4e3e629f574adf9a107fe70d51e5af,769694705593400528,FINISHED,mlflow-artifacts:/769694705593400528/6e4e3e629f574adf9a107fe70d51e5af/artifacts,2025-09-10 13:29:55.393000+00:00,2025-09-10 13:30:14.918000+00:00,24.749061321753338,24.447027489745146,-34.0922965901215,,,,batch,0.9,Polynomial,zero,500,0.0001,None,,36642820e8d7490d8bba7d0ce197a622,LOCAL,d:\AT82.03-ML-Car-Price-Prediction\.venv\Lib\site-packages\ipykernel_launcher.py,Fold-0,promb
36642820e8d7490d8bba7d0ce197a622,769694705593400528,FINISHED,mlflow-artifacts:/769694705593400528/36642820e8d7490d8bba7d0ce197a622/artifacts,2025-09-10 13:29:55.306000+00:00,2025-09-10 13:30:54.043000+00:00,,,,24.67191522187029,-33.926245804907005,24.675238934315825,batch,0.9,Polynomial,zero,500,0.0001,None,,,LOCAL,d:\AT82.03-ML-Car-Price-Prediction\.venv\Lib\site-packages\ipykernel_launcher.py,Reg-Polynomial_TrainMethod-batch_Momentum-0.9_WeightInit-zero_LR-0.0001,promb
5ec32a2d36144d7ba1a56c0d868a4af7,769694705593400528,FINISHED,mlflow-artifacts:/769694705593400528/5ec32a2d36144d7ba1a56c0d868a4af7/artifacts,2025-09-10 13:29:35.617000+00:00,2025-09-10 13:29:55.178000+00:00,21.683780689393725,23.036486576431464,-31.687299730723524,,,,batch,0.9,Polynomial,zero,500,0.001,None,,83eb656c8cb04c0ab707b8b134a4472f,LOCAL,d:\AT82.03-ML-Car-Price-Prediction\.venv\Lib\site-packages\ipykernel_launcher.py,Fold-2,promb
97935967e2b4426d9c32bba075cd5b76,769694705593400528,FINISHED,mlflow-artifacts:/769694705593400528/97935967e2b4426d9c32bba075cd5b76/artifacts,2025-09-10 13:29:17.093000+00:00,2025-09-10 13:29:35.592000+00:00,22.430054724919483,21.2336344256494,-28.53866080399452,,,,batch,0.9,Polynomial,zero,500,0.001,None,,83eb656c8cb04c0ab707b8b134a4472f,LOCAL,d:\AT82.03-ML-Car-Price-Prediction\.venv\Lib\site-packages\ipykernel_launcher.py,Fold-1,promb
e5c6d5bb051b41338e714f58d5703026,769694705593400528,FINISHED,mlflow-artifacts:/769694705593400528/e5c6d5bb051b41338e714f58d5703026/artifacts,2025-09-10 13:28:58.601000+00:00,2025-09-10 13:29:17.066000+00:00,22.04794547952821,22.015696767597507,-30.602261703627878,,,,batch,0.9,Polynomial,zero,500,0.001,None,,83eb656c8cb04c0ab707b8b134a4472f,LOCAL,d:\AT82.03-ML-Car-Price-Prediction\.venv\Lib\site-packages\ipykernel_launcher.py,Fold-0,promb
83eb656c8cb04c0ab707b8b134a4472f,769694705593400528,FINISHED,mlflow-artifacts:/769694705593400528/83eb656c8cb04c0ab707b8b134a4472f/artifacts,2025-09-10 13:28:58.526000+00:00,2025-09-10 13:29:55.283000+00:00,,,,22.053926964613808,-30.276074079448637,22.09527258989279,batch,0.9,Polynomial,zero,500,0.001,None,,,LOCAL,d:\AT82.03-ML-Car-Price-Prediction\.venv\Lib\site-packages\ipykernel_launcher.py,Reg-Polynomial_TrainMethod-batch_Momentum-0.9_WeightInit-zero_LR-0.001,promb
f07188071d43494b962ff72239d090a2,769694705593400528,FINISHED,mlflow-artifacts:/769694705593400528/f07188071d43494b962ff72239d090a2/artifacts,2025-09-10 13:28:50.850000+00:00,2025-09-10 13:28:58.401000+00:00,inf,inf,-inf,,,,batch,0.9,Polynomial,zero,500,0.01,None,,c0cfed54fb8c416a9adda7aa8e33fd82,LOCAL,d:\AT82.03-ML-Car-Price-Prediction\.venv\Lib\site-packages\ipykernel_launcher.py,Fold-2,promb
68361f5a19034a8dbb11bad5623d73ff,769694705593400528,FINISHED,mlflow-artifacts:/769694705593400528/68361f5a19034a8dbb11bad5623d73ff/artifacts,2025-09-10 13:28:44.369000+00:00,2025-09-10 13:28:50.819000+00:00,inf,inf,-inf,,,,batch,0.9,Polynomial,zero,500,0.01,None,,c0cfed54fb8c416a9adda7aa8e33fd82,LOCAL,d:\AT82.03-ML-Car-Price-Prediction\.venv\Lib\site-packages\ipykernel_launcher.py,Fold-1,promb
5160a8eca78646968ae8e0951a146cd9,769694705593400528,FINISHED,mlflow-artifacts:/769694705593400528/5160a8eca78646968ae8e0951a146cd9/artifacts,2025-09-10 13:28:36.785000+00:00,2025-09-10 13:28:44.343000+00:00,inf,inf,-inf,,,,batch,0.9,Polynomial,zero,500,0.01,None,,c0cfed54fb8c416a9adda7aa8e33fd82,LOCAL,d:\AT82.03-ML-Car-Price-Prediction\.venv\Lib\site-packages\ipykernel_launcher.py,Fold-0,promb
c0cfed54fb8c416a9adda7aa8e33fd82,769694705593400528,FINISHED,mlflow-artifacts:/769694705593400528/c0cfed54fb8c416a9adda7aa8e33fd82/artifacts,2025-09-10 13:28:36.690000+00:00,2025-09-10 13:28:58.502000+00:00,,,,inf,-inf,inf,batch,0.9,Polynomial,zero,500,0.01,None,,,LOCAL,d:\AT82.03-ML-Car-Price-Prediction\.venv\Lib\site-packages\ipykernel_launcher.py,Reg-Polynomial_TrainMethod-batch_Momentum-0.9_WeightInit-zero_LR-0.01,promb
6eb9859d726c4095ac26b839beff89e5,769694705593400528,FINISHED,mlflow-artifacts:/769694705593400528/6eb9859d726c4095ac26b839beff89e5/artifacts,2025-09-10 13:28:25.952000+00:00,2025-09-10 13:28:36.562000+00:00,2.6515864536366234,3.5550837395785373,-4.044436241519359,,,,mini-batch,0,Polynomial,xavier,500,0.0001,50,,d9f8b217e0394567bd6b0db443133e42,LOCAL,d:\AT82.03-ML-Car-Price-Prediction\.venv\Lib\site-packages\ipykernel_launcher.py,Fold-2,promb
90b9fe606c4b45f0aedd4a960affaa97,769694705593400528,FINISHED,mlflow-artifacts:/769694705593400528/90b9fe606c4b45f0aedd4a960affaa97/artifacts,2025-09-10 13:28:06.143000+00:00,2025-09-10 13:28:25.928000+00:00,2.9849645717176236,2.8729359629183207,-2.9966158981116706,,,,mini-batch,0,Polynomial,xavier,500,0.0001,50,,d9f8b217e0394567bd6b0db443133e42,LOCAL,d:\AT82.03-ML-Car-Price-Prediction\.venv\Lib\site-packages\ipykernel_launcher.py,Fold-1,promb
4c4c197323ae4293a10996dfd8170716,769694705593400528,FINISHED,mlflow-artifacts:/769694705593400528/4c4c197323ae4293a10996dfd8170716/artifacts,2025-09-10 13:27:45.655000+00:00,2025-09-10 13:28:06.118000+00:00,1.506286276431693,2.5411007997939756,-2.6476034957285006,,,,mini-batch,0,Polynomial,xavier,500,0.0001,50,,d9f8b217e0394567bd6b0db443133e42,LOCAL,d:\AT82.03-ML-Car-Price-Prediction\.venv\Lib\site-packages\ipykernel_launcher.py,Fold-0,promb
d9f8b217e0394567bd6b0db443133e42,769694705593400528,FINISHED,mlflow-artifacts:/769694705593400528/d9f8b217e0394567bd6b0db443133e42/artifacts,2025-09-10 13:27:45.560000+00:00,2025-09-10 13:28:36.667000+00:00,,,,2.3809457672619803,-3.229551878453177,2.9897068340969444,mini-batch,0,Polynomial,xavier,500,0.0001,50,,,LOCAL,d:\AT82.03-ML-Car-Price-Prediction\.venv\Lib\site-packages\ipykernel_launcher.py,Reg-Polynomial_TrainMethod-mini-batch_BatchSize-50_Momentum-0_WeightInit-xavier_LR-0.0001,promb
2efe7e4808dd47619814f1082e5a066d,769694705593400528,FINISHED,mlflow-artifacts:/769694705593400528/2efe7e4808dd47619814f1082e5a066d/artifacts,2025-09-10 13:27:25.454000+00:00,2025-09-10 13:27:45.429000+00:00,0.07377069451078763,0.1175767486686497,0.8331661205216888,,,,mini-batch,0,Polynomial,xavier,500,0.001,50,,3ba3721a1fe8485dabaedfb88bd2f01d,LOCAL,d:\AT82.03-ML-Car-Price-Prediction\.venv\Lib\site-packages\ipykernel_launcher.py,Fold-2,promb
1b3c2bfdb4114f2e8513200741b8a1f5,769694705593400528,FINISHED,mlflow-artifacts:/769694705593400528/1b3c2bfdb4114f2e8513200741b8a1f5/artifacts,2025-09-10 13:27:05.563000+00:00,2025-09-10 13:27:25.428000+00:00,0.09234811963838835,0.17122888467033903,0.7617990475519476,,,,mini-batch,0,Polynomial,xavier,500,0.001,50,,3ba3721a1fe8485dabaedfb88bd2f01d,LOCAL,d:\AT82.03-ML-Car-Price-Prediction\.venv\Lib\site-packages\ipykernel_launcher.py,Fold-1,promb
93e81ede80e143e6b2b99b44fe6d266a,769694705593400528,FINISHED,mlflow-artifacts:/769694705593400528/93e81ede80e143e6b2b99b44fe6d266a/artifacts,2025-09-10 13:26:45.822000+00:00,2025-09-10 13:27:05.538000+00:00,0.07291934794538132,0.1357203513677043,0.8051812709946509,,,,mini-batch,0,Polynomial,xavier,500,0.001,50,,3ba3721a1fe8485dabaedfb88bd2f01d,LOCAL,d:\AT82.03-ML-Car-Price-Prediction\.venv\Lib\site-packages\ipykernel_launcher.py,Fold-0,promb
3ba3721a1fe8485dabaedfb88bd2f01d,769694705593400528,FINISHED,mlflow-artifacts:/769694705593400528/3ba3721a1fe8485dabaedfb88bd2f01d/artifacts,2025-09-10 13:26:45.730000+00:00,2025-09-10 13:27:45.536000+00:00,,,,0.07967938736485243,0.8000488130227624,0.1415086615688977,mini-batch,0,Polynomial,xavier,500,0.001,50,,,LOCAL,d:\AT82.03-ML-Car-Price-Prediction\.venv\Lib\site-packages\ipykernel_launcher.py,Reg-Polynomial_TrainMethod-mini-batch_BatchSize-50_Momentum-0_WeightInit-xavier_LR-0.001,promb
68e626e7f413442781d08e4e60da2a8f,769694705593400528,FINISHED,mlflow-artifacts:/769694705593400528/68e626e7f413442781d08e4e60da2a8f/artifacts,2025-09-10 13:26:45.342000+00:00,2025-09-10 13:26:45.536000+00:00,inf,inf,-inf,,,,mini-batch,0,Polynomial,xavier,500,0.01,50,,aa4788be3a9e424b95aca3601d2c11e6,LOCAL,d:\AT82.03-ML-Car-Price-Prediction\.venv\Lib\site-packages\ipykernel_launcher.py,Fold-2,promb
9ff405f238a54f319277bc90af2ab39c,769694705593400528,FINISHED,mlflow-artifacts:/769694705593400528/9ff405f238a54f319277bc90af2ab39c/artifacts,2025-09-10 13:26:45.090000+00:00,2025-09-10 13:26:45.312000+00:00,inf,inf,-inf,,,,mini-batch,0,Polynomial,xavier,500,0.01,50,,aa4788be3a9e424b95aca3601d2c11e6,LOCAL,d:\AT82.03-ML-Car-Price-Prediction\.venv\Lib\site-packages\ipykernel_launcher.py,Fold-1,promb
40b1b69352314462bca0c1a6191a158c,769694705593400528,FINISHED,mlflow-artifacts:/769694705593400528/40b1b69352314462bca0c1a6191a158c/artifacts,2025-09-10 13:26:44.890000+00:00,2025-09-10 13:26:45.065000+00:00,inf,inf,-inf,,,,mini-batch,0,Polynomial,xavier,500,0.01,50,,aa4788be3a9e424b95aca3601d2c11e6,LOCAL,d:\AT82.03-ML-Car-Price-Prediction\.venv\Lib\site-packages\ipykernel_launcher.py,Fold-0,promb
aa4788be3a9e424b95aca3601d2c11e6,769694705593400528,FINISHED,mlflow-artifacts:/769694705593400528/aa4788be3a9e424b95aca3601d2c11e6/artifacts,2025-09-10 13:26:44.808000+00:00,2025-09-10 13:26:45.704000+00:00,,,,inf,-inf,inf,mini-batch,0,Polynomial,xavier,500,0.01,50,,,LOCAL,d:\AT82.03-ML-Car-Price-Prediction\.venv\Lib\site-packages\ipykernel_launcher.py,Reg-Polynomial_TrainMethod-mini-batch_BatchSize-50_Momentum-0_WeightInit-xavier_LR-0.01,promb
37a4f4f16bd6441980e92caec50a0b0b,769694705593400528,FINISHED,mlflow-artifacts:/769694705593400528/37a4f4f16bd6441980e92caec50a0b0b/artifacts,2025-09-10 13:26:29.219000+00:00,2025-09-10 13:26:44.677000+00:00,3.0163661795036436,2.809288626759996,-2.9862007198166056,,,,mini-batch,0,Polynomial,zero,500,0.0001,50,,d6399f95705c48a18eb0a0b71c96bea1,LOCAL,d:\AT82.03-ML-Car-Price-Prediction\.venv\Lib\site-packages\ipykernel_launcher.py,Fold-2,promb
fb2b81fd5ba144a19a4d70b23e7aae7c,769694705593400528,FINISHED,mlflow-artifacts:/769694705593400528/fb2b81fd5ba144a19a4d70b23e7aae7c/artifacts,2025-09-10 13:26:09.495000+00:00,2025-09-10 13:26:29.192000+00:00,1.8673814371146356,2.820488279608069,-2.9236545625154697,,,,mini-batch,0,Polynomial,zero,500,0.0001,50,,d6399f95705c48a18eb0a0b71c96bea1,LOCAL,d:\AT82.03-ML-Car-Price-Prediction\.venv\Lib\site-packages\ipykernel_launcher.py,Fold-1,promb
dc1fb7cdb88d4088a1949b6ee13ffe87,769694705593400528,FINISHED,mlflow-artifacts:/769694705593400528/dc1fb7cdb88d4088a1949b6ee13ffe87/artifacts,2025-09-10 13:25:49.865000+00:00,2025-09-10 13:26:09.469000+00:00,2.6655488304726918,2.5481629643360315,-2.6577408252170045,,,,mini-batch,0,Polynomial,zero,500,0.0001,50,,d6399f95705c48a18eb0a0b71c96bea1,LOCAL,d:\AT82.03-ML-Car-Price-Prediction\.venv\Lib\site-packages\ipykernel_launcher.py,Fold-0,promb
d6399f95705c48a18eb0a0b71c96bea1,769694705593400528,FINISHED,mlflow-artifacts:/769694705593400528/d6399f95705c48a18eb0a0b71c96bea1/artifacts,2025-09-10 13:25:49.772000+00:00,2025-09-10 13:26:44.783000+00:00,,,,2.5164321490303236,-2.8558653691830265,2.7259799569013654,mini-batch,0,Polynomial,zero,500,0.0001,50,,,LOCAL,d:\AT82.03-ML-Car-Price-Prediction\.venv\Lib\site-packages\ipykernel_launcher.py,Reg-Polynomial_TrainMethod-mini-batch_BatchSize-50_Momentum-0_WeightInit-zero_LR-0.0001,promb
3099f456cd494622bf23653f45117a2b,769694705593400528,FINISHED,mlflow-artifacts:/769694705593400528/3099f456cd494622bf23653f45117a2b/artifacts,2025-09-10 13:25:29.893000+00:00,2025-09-10 13:25:49.636000+00:00,0.1344171718180993,0.11934454920392941,0.8306577247309895,,,,mini-batch,0,Polynomial,zero,500,0.001,50,,ab46d87537384db1b2263d58a2eb5849,LOCAL,d:\AT82.03-ML-Car-Price-Prediction\.venv\Lib\site-packages\ipykernel_launcher.py,Fold-2,promb
ef52c0494e20408792ae11c207c79d2a,769694705593400528,FINISHED,mlflow-artifacts:/769694705593400528/ef52c0494e20408792ae11c207c79d2a/artifacts,2025-09-10 13:25:09.204000+00:00,2025-09-10 13:25:29.866000+00:00,0.08999068672892056,0.17187000450318024,0.7609071690869904,,,,mini-batch,0,Polynomial,zero,500,0.001,50,,ab46d87537384db1b2263d58a2eb5849,LOCAL,d:\AT82.03-ML-Car-Price-Prediction\.venv\Lib\site-packages\ipykernel_launcher.py,Fold-1,promb
a508472fb5cb4df289eb8f0b50519827,769694705593400528,FINISHED,mlflow-artifacts:/769694705593400528/a508472fb5cb4df289eb8f0b50519827/artifacts,2025-09-10 13:24:49.315000+00:00,2025-09-10 13:25:09.178000+00:00,0.13844314975417163,0.1378284734923298,0.8021551833904794,,,,mini-batch,0,Polynomial,zero,500,0.001,50,,ab46d87537384db1b2263d58a2eb5849,LOCAL,d:\AT82.03-ML-Car-Price-Prediction\.venv\Lib\site-packages\ipykernel_launcher.py,Fold-0,promb
ab46d87537384db1b2263d58a2eb5849,769694705593400528,FINISHED,mlflow-artifacts:/769694705593400528/ab46d87537384db1b2263d58a2eb5849/artifacts,2025-09-10 13:24:49.237000+00:00,2025-09-10 13:25:49.748000+00:00,,,,0.12095033610039717,0.7979066924028198,0.14301434239981314,mini-batch,0,Polynomial,zero,500,0.001,50,,,LOCAL,d:\AT82.03-ML-Car-Price-Prediction\.venv\Lib\site-packages\ipykernel_launcher.py,Reg-Polynomial_TrainMethod-mini-batch_BatchSize-50_Momentum-0_WeightInit-zero_LR-0.001,promb
e8f8dfa0df004482b0d066c009aa21f4,769694705593400528,FINISHED,mlflow-artifacts:/769694705593400528/e8f8dfa0df004482b0d066c009aa21f4/artifacts,2025-09-10 13:24:48.916000+00:00,2025-09-10 13:24:49.108000+00:00,inf,inf,-inf,,,,mini-batch,0,Polynomial,zero,500,0.01,50,,459b4ff93eba45b3a2cd6aa5b176cef4,LOCAL,d:\AT82.03-ML-Car-Price-Prediction\.venv\Lib\site-packages\ipykernel_launcher.py,Fold-2,promb
cf2737b675ee48bda7caf9ad7658ae2c,769694705593400528,FINISHED,mlflow-artifacts:/769694705593400528/cf2737b675ee48bda7caf9ad7658ae2c/artifacts,2025-09-10 13:24:48.704000+00:00,2025-09-10 13:24:48.890000+00:00,inf,inf,-inf,,,,mini-batch,0,Polynomial,zero,500,0.01,50,,459b4ff93eba45b3a2cd6aa5b176cef4,LOCAL,d:\AT82.03-ML-Car-Price-Prediction\.venv\Lib\site-packages\ipykernel_launcher.py,Fold-1,promb
c4fde240b7be4bb3afda3ad856b82b8d,769694705593400528,FINISHED,mlflow-artifacts:/769694705593400528/c4fde240b7be4bb3afda3ad856b82b8d/artifacts,2025-09-10 13:24:48.487000+00:00,2025-09-10 13:24:48.677000+00:00,inf,inf,-inf,,,,mini-batch,0,Polynomial,zero,500,0.01,50,,459b4ff93eba45b3a2cd6aa5b176cef4,LOCAL,d:\AT82.03-ML-Car-Price-Prediction\.venv\Lib\site-packages\ipykernel_launcher.py,Fold-0,promb
459b4ff93eba45b3a2cd6aa5b176cef4,769694705593400528,FINISHED,mlflow-artifacts:/769694705593400528/459b4ff93eba45b3a2cd6aa5b176cef4/artifacts,2025-09-10 13:24:48.406000+00:00,2025-09-10 13:24:49.213000+00:00,,,,inf,-inf,inf,mini-batch,0,Polynomial,zero,500,0.01,50,,,LOCAL,d:\AT82.03-ML-Car-Price-Prediction\.venv\Lib\site-packages\ipykernel_launcher.py,Reg-Polynomial_TrainMethod-mini-batch_BatchSize-50_Momentum-0_WeightInit-zero_LR-0.01,promb
d333f020c1064754895d7b66d1642790,769694705593400528,FINISHED,mlflow-artifacts:/769694705593400528/d333f020c1064754895d7b66d1642790/artifacts,2025-09-10 13:24:11.796000+00:00,2025-09-10 13:24:48.223000+00:00,4.810750405722156e-05,0.09851851009355939,0.8602085410130568,,,,stochastic,0,Polynomial,xavier,500,0.0001,None,,2cadb43e250e4e9c9892841f015454b5,LOCAL,d:\AT82.03-ML-Car-Price-Prediction\.venv\Lib\site-packages\ipykernel_launcher.py,Fold-2,promb
344c94a0613342f6be6703d6dc715105,769694705593400528,FINISHED,mlflow-artifacts:/769694705593400528/344c94a0613342f6be6703d6dc715105/artifacts,2025-09-10 13:23:36.679000+00:00,2025-09-10 13:24:11.766000+00:00,0.016739285424723638,0.09485436633842106,0.8680456253092543,,,,stochastic,0,Polynomial,xavier,500,0.0001,None,,2cadb43e250e4e9c9892841f015454b5,LOCAL,d:\AT82.03-ML-Car-Price-Prediction\.venv\Lib\site-packages\ipykernel_launcher.py,Fold-1,promb
d2fe393fe3174ab7aa1fd55776705aa0,769694705593400528,FINISHED,mlflow-artifacts:/769694705593400528/d2fe393fe3174ab7aa1fd55776705aa0/artifacts,2025-09-10 13:23:00.002000+00:00,2025-09-10 13:23:36.651000+00:00,0.09569696290228029,0.13444898082544102,0.8070062500095335,,,,stochastic,0,Polynomial,xavier,500,0.0001,None,,2cadb43e250e4e9c9892841f015454b5,LOCAL,d:\AT82.03-ML-Car-Price-Prediction\.venv\Lib\site-packages\ipykernel_launcher.py,Fold-0,promb
2cadb43e250e4e9c9892841f015454b5,769694705593400528,FINISHED,mlflow-artifacts:/769694705593400528/2cadb43e250e4e9c9892841f015454b5/artifacts,2025-09-10 13:22:59.915000+00:00,2025-09-10 13:24:48.383000+00:00,,,,0.03749478527702038,0.8450868054439482,0.1092739524191405,stochastic,0,Polynomial,xavier,500,0.0001,None,,,LOCAL,d:\AT82.03-ML-Car-Price-Prediction\.venv\Lib\site-packages\ipykernel_launcher.py,Reg-Polynomial_TrainMethod-stochastic_Momentum-0_WeightInit-xavier_LR-0.0001,promb
86bd7ef0c56a48ad96b40749ee98d8a9,769694705593400528,FINISHED,mlflow-artifacts:/769694705593400528/86bd7ef0c56a48ad96b40749ee98d8a9/artifacts,2025-09-10 13:22:37.597000+00:00,2025-09-10 13:22:59.784000+00:00,8.726080241758783e+305,inf,-inf,,,,stochastic,0,Polynomial,xavier,500,0.001,None,,a2442fceae4c41a19b75b864292aa18c,LOCAL,d:\AT82.03-ML-Car-Price-Prediction\.venv\Lib\site-packages\ipykernel_launcher.py,Fold-2,promb
108265c116414f50bd95ab3079635466,769694705593400528,FINISHED,mlflow-artifacts:/769694705593400528/108265c116414f50bd95ab3079635466/artifacts,2025-09-10 13:22:15.679000+00:00,2025-09-10 13:22:37.572000+00:00,5.272683055669698e+305,inf,-inf,,,,stochastic,0,Polynomial,xavier,500,0.001,None,,a2442fceae4c41a19b75b864292aa18c,LOCAL,d:\AT82.03-ML-Car-Price-Prediction\.venv\Lib\site-packages\ipykernel_launcher.py,Fold-1,promb
56a71c06a17949f29fca927a1d564832,769694705593400528,FINISHED,mlflow-artifacts:/769694705593400528/56a71c06a17949f29fca927a1d564832/artifacts,2025-09-10 13:21:40.303000+00:00,2025-09-10 13:22:15.652000+00:00,0.1435733085986241,0.18376818586181967,0.7362113784673142,,,,stochastic,0,Polynomial,xavier,500,0.001,None,,a2442fceae4c41a19b75b864292aa18c,LOCAL,d:\AT82.03-ML-Car-Price-Prediction\.venv\Lib\site-packages\ipykernel_launcher.py,Fold-0,promb
a2442fceae4c41a19b75b864292aa18c,769694705593400528,FINISHED,mlflow-artifacts:/769694705593400528/a2442fceae4c41a19b75b864292aa18c/artifacts,2025-09-10 13:21:40.215000+00:00,2025-09-10 13:22:59.891000+00:00,,,,4.66625443247616e+305,-inf,inf,stochastic,0,Polynomial,xavier,500,0.001,None,,,LOCAL,d:\AT82.03-ML-Car-Price-Prediction\.venv\Lib\site-packages\ipykernel_launcher.py,Reg-Polynomial_TrainMethod-stochastic_Momentum-0_WeightInit-xavier_LR-0.001,promb
880708c4aea141c9aabe44d39b21c871,769694705593400528,FINISHED,mlflow-artifacts:/769694705593400528/880708c4aea141c9aabe44d39b21c871/artifacts,2025-09-10 13:21:05.083000+00:00,2025-09-10 13:21:40.085000+00:00,,,,,,,stochastic,0,Polynomial,xavier,500,0.01,None,,0ca7701b6fb54bef8dc9747c8b501986,LOCAL,d:\AT82.03-ML-Car-Price-Prediction\.venv\Lib\site-packages\ipykernel_launcher.py,Fold-2,promb
4660e93d55f64254b00cfd68c86b16e2,769694705593400528,FINISHED,mlflow-artifacts:/769694705593400528/4660e93d55f64254b00cfd68c86b16e2/artifacts,2025-09-10 13:20:27.048000+00:00,2025-09-10 13:21:05.056000+00:00,,,,,,,stochastic,0,Polynomial,xavier,500,0.01,None,,0ca7701b6fb54bef8dc9747c8b501986,LOCAL,d:\AT82.03-ML-Car-Price-Prediction\.venv\Lib\site-packages\ipykernel_launcher.py,Fold-1,promb
f4ac1b8f77b44ab7a4b0b7c5ddf69c6c,769694705593400528,FINISHED,mlflow-artifacts:/769694705593400528/f4ac1b8f77b44ab7a4b0b7c5ddf69c6c/artifacts,2025-09-10 13:19:50.883000+00:00,2025-09-10 13:20:27.024000+00:00,,,,,,,stochastic,0,Polynomial,xavier,500,0.01,None,,0ca7701b6fb54bef8dc9747c8b501986,LOCAL,d:\AT82.03-ML-Car-Price-Prediction\.venv\Lib\site-packages\ipykernel_launcher.py,Fold-0,promb
0ca7701b6fb54bef8dc9747c8b501986,769694705593400528,FINISHED,mlflow-artifacts:/769694705593400528/0ca7701b6fb54bef8dc9747c8b501986/artifacts,2025-09-10 13:19:50.801000+00:00,2025-09-10 13:21:40.193000+00:00,,,,,,,stochastic,0,Polynomial,xavier,500,0.01,None,,,LOCAL,d:\AT82.03-ML-Car-Price-Prediction\.venv\Lib\site-packages\ipykernel_launcher.py,Reg-Polynomial_TrainMethod-stochastic_Momentum-0_WeightInit-xavier_LR-0.01,promb
7c6a5988d15848c389b2dc187a270fdb,769694705593400528,FINISHED,mlflow-artifacts:/769694705593400528/7c6a5988d15848c389b2dc187a270fdb/artifacts,2025-09-10 13:19:15.209000+00:00,2025-09-10 13:19:50.678000+00:00,0.48641496222435066,0.08422600439324802,0.8804886916418913,,,,stochastic,0,Polynomial,zero,500,0.0001,None,,a66111434fac401ea98861f464a1b8cf,LOCAL,d:\AT82.03-ML-Car-Price-Prediction\.venv\Lib\site-packages\ipykernel_launcher.py,Fold-2,promb
c2982c32455d49d2a312dfbc2234b743,769694705593400528,FINISHED,mlflow-artifacts:/769694705593400528/c2982c32455d49d2a312dfbc2234b743/artifacts,2025-09-10 13:18:38.817000+00:00,2025-09-10 13:19:15.182000+00:00,0.1866995292544271,0.09479294121660728,0.8681310753929155,,,,stochastic,0,Polynomial,zero,500,0.0001,None,,a66111434fac401ea98861f464a1b8cf,LOCAL,d:\AT82.03-ML-Car-Price-Prediction\.venv\Lib\site-packages\ipykernel_launcher.py,Fold-1,promb
96823d646d004b3e876e17b5b0be996a,769694705593400528,FINISHED,mlflow-artifacts:/769694705593400528/96823d646d004b3e876e17b5b0be996a/artifacts,2025-09-10 13:18:04.379000+00:00,2025-09-10 13:18:38.791000+00:00,0.002994001493536139,0.13509670541894134,0.806076478749884,,,,stochastic,0,Polynomial,zero,500,0.0001,None,,a66111434fac401ea98861f464a1b8cf,LOCAL,d:\AT82.03-ML-Car-Price-Prediction\.venv\Lib\site-packages\ipykernel_launcher.py,Fold-0,promb
a66111434fac401ea98861f464a1b8cf,769694705593400528,FINISHED,mlflow-artifacts:/769694705593400528/a66111434fac401ea98861f464a1b8cf/artifacts,2025-09-10 13:18:04.296000+00:00,2025-09-10 13:19:50.779000+00:00,,,,0.22536949765743797,0.8515654152615636,0.10470521700959888,stochastic,0,Polynomial,zero,500,0.0001,None,,,LOCAL,d:\AT82.03-ML-Car-Price-Prediction\.venv\Lib\site-packages\ipykernel_launcher.py,Reg-Polynomial_TrainMethod-stochastic_Momentum-0_WeightInit-zero_LR-0.0001,promb
724c443a938947c09c459995c3d40e8f,769694705593400528,FINISHED,mlflow-artifacts:/769694705593400528/724c443a938947c09c459995c3d40e8f/artifacts,2025-09-10 13:17:41.703000+00:00,2025-09-10 13:18:04.167000+00:00,7.579955309928816e+305,inf,-inf,,,,stochastic,0,Polynomial,zero,500,0.001,None,,5360d5a5102d4a6ea4ac92f85d2a3ac9,LOCAL,d:\AT82.03-ML-Car-Price-Prediction\.venv\Lib\site-packages\ipykernel_launcher.py,Fold-2,promb
256ff90678cb43718959c948607e932f,769694705593400528,FINISHED,mlflow-artifacts:/769694705593400528/256ff90678cb43718959c948607e932f/artifacts,2025-09-10 13:17:18.514000+00:00,2025-09-10 13:17:41.677000+00:00,6.200714668040327e+305,inf,-inf,,,,stochastic,0,Polynomial,zero,500,0.001,None,,5360d5a5102d4a6ea4ac92f85d2a3ac9,LOCAL,d:\AT82.03-ML-Car-Price-Prediction\.venv\Lib\site-packages\ipykernel_launcher.py,Fold-1,promb
8e0f2f899c6c407d85529566d8b7c2ab,769694705593400528,FINISHED,mlflow-artifacts:/769694705593400528/8e0f2f899c6c407d85529566d8b7c2ab/artifacts,2025-09-10 13:16:42.007000+00:00,2025-09-10 13:17:18.486000+00:00,0.07253427323903051,0.1645669144888579,0.7637736949988447,,,,stochastic,0,Polynomial,zero,500,0.001,None,,5360d5a5102d4a6ea4ac92f85d2a3ac9,LOCAL,d:\AT82.03-ML-Car-Price-Prediction\.venv\Lib\site-packages\ipykernel_launcher.py,Fold-0,promb
5360d5a5102d4a6ea4ac92f85d2a3ac9,769694705593400528,FINISHED,mlflow-artifacts:/769694705593400528/5360d5a5102d4a6ea4ac92f85d2a3ac9/artifacts,2025-09-10 13:16:41.929000+00:00,2025-09-10 13:18:04.271000+00:00,,,,4.593556659323048e+305,-inf,inf,stochastic,0,Polynomial,zero,500,0.001,None,,,LOCAL,d:\AT82.03-ML-Car-Price-Prediction\.venv\Lib\site-packages\ipykernel_launcher.py,Reg-Polynomial_TrainMethod-stochastic_Momentum-0_WeightInit-zero_LR-0.001,promb
66299cda00174e71a7e3d31e3ff8e51f,769694705593400528,FINISHED,mlflow-artifacts:/769694705593400528/66299cda00174e71a7e3d31e3ff8e51f/artifacts,2025-09-10 13:16:05.158000+00:00,2025-09-10 13:16:41.800000+00:00,,,,,,,stochastic,0,Polynomial,zero,500,0.01,None,,580c471780494c6186bf6e8f0f018f50,LOCAL,d:\AT82.03-ML-Car-Price-Prediction\.venv\Lib\site-packages\ipykernel_launcher.py,Fold-2,promb
11e51f004bcf46c1a9587f9b9a806a87,769694705593400528,FINISHED,mlflow-artifacts:/769694705593400528/11e51f004bcf46c1a9587f9b9a806a87/artifacts,2025-09-10 13:15:28.488000+00:00,2025-09-10 13:16:05.131000+00:00,,,,,,,stochastic,0,Polynomial,zero,500,0.01,None,,580c471780494c6186bf6e8f0f018f50,LOCAL,d:\AT82.03-ML-Car-Price-Prediction\.venv\Lib\site-packages\ipykernel_launcher.py,Fold-1,promb
a06a296b1d2946318cedd690016bf753,769694705593400528,FINISHED,mlflow-artifacts:/769694705593400528/a06a296b1d2946318cedd690016bf753/artifacts,2025-09-10 13:14:51.882000+00:00,2025-09-10 13:15:28.461000+00:00,,,,,,,stochastic,0,Polynomial,zero,500,0.01,None,,580c471780494c6186bf6e8f0f018f50,LOCAL,d:\AT82.03-ML-Car-Price-Prediction\.venv\Lib\site-packages\ipykernel_launcher.py,Fold-0,promb
580c471780494c6186bf6e8f0f018f50,769694705593400528,FINISHED,mlflow-artifacts:/769694705593400528/580c471780494c6186bf6e8f0f018f50/artifacts,2025-09-10 13:14:51.803000+00:00,2025-09-10 13:16:41.907000+00:00,,,,,,,stochastic,0,Polynomial,zero,500,0.01,None,,,LOCAL,d:\AT82.03-ML-Car-Price-Prediction\.venv\Lib\site-packages\ipykernel_launcher.py,Reg-Polynomial_TrainMethod-stochastic_Momentum-0_WeightInit-zero_LR-0.01,promb
6ab624ff67dc4ed3857ea8f98d85c505,769694705593400528,FINISHED,mlflow-artifacts:/769694705593400528/6ab624ff67dc4ed3857ea8f98d85c505/artifacts,2025-09-10 13:14:32.008000+00:00,2025-09-10 13:14:51.649000+00:00,21.679788548573782,23.035593011328878,-31.6860318190461,,,,batch,0,Polynomial,xavier,500,0.0001,None,,b4613fa7adb9409bb9fac405e8066f86,LOCAL,d:\AT82.03-ML-Car-Price-Prediction\.venv\Lib\site-packages\ipykernel_launcher.py,Fold-2,promb
358aacbc86df4ecebaee2b54c6897ba9,769694705593400528,FINISHED,mlflow-artifacts:/769694705593400528/358aacbc86df4ecebaee2b54c6897ba9/artifacts,2025-09-10 13:14:12.205000+00:00,2025-09-10 13:14:31.983000+00:00,22.377992708332513,21.191601561226953,-28.48018779367957,,,,batch,0,Polynomial,xavier,500,0.0001,None,,b4613fa7adb9409bb9fac405e8066f86,LOCAL,d:\AT82.03-ML-Car-Price-Prediction\.venv\Lib\site-packages\ipykernel_launcher.py,Fold-1,promb
205215884b9e4317b40dd7a9aea3c229,769694705593400528,FINISHED,mlflow-artifacts:/769694705593400528/205215884b9e4317b40dd7a9aea3c229/artifacts,2025-09-10 13:13:53.469000+00:00,2025-09-10 13:14:12.179000+00:00,22.04500122704224,21.997362709573864,-30.575944221793485,,,,batch,0,Polynomial,xavier,500,0.0001,None,,b4613fa7adb9409bb9fac405e8066f86,LOCAL,d:\AT82.03-ML-Car-Price-Prediction\.venv\Lib\site-packages\ipykernel_launcher.py,Fold-0,promb
b4613fa7adb9409bb9fac405e8066f86,769694705593400528,FINISHED,mlflow-artifacts:/769694705593400528/b4613fa7adb9409bb9fac405e8066f86/artifacts,2025-09-10 13:13:53.351000+00:00,2025-09-10 13:14:51.779000+00:00,,,,22.034260827982845,-30.247387944839716,22.074852427376566,batch,0,Polynomial,xavier,500,0.0001,None,,,LOCAL,d:\AT82.03-ML-Car-Price-Prediction\.venv\Lib\site-packages\ipykernel_launcher.py,Reg-Polynomial_TrainMethod-batch_Momentum-0_WeightInit-xavier_LR-0.0001,promb
689673f7eb06455aab3a8963029f85f5,769694705593400528,FINISHED,mlflow-artifacts:/769694705593400528/689673f7eb06455aab3a8963029f85f5/artifacts,2025-09-10 13:13:33.600000+00:00,2025-09-10 13:13:53.219000+00:00,11.509514594147817,11.993451265998768,-16.01793956456082,,,,batch,0,Polynomial,xavier,500,0.001,None,,16b46aba42414e5e8fbcf145d7696c1e,LOCAL,d:\AT82.03-ML-Car-Price-Prediction\.venv\Lib\site-packages\ipykernel_launcher.py,Fold-2,promb
cfed4b9ec37c4ca39479b32800afb5e7,769694705593400528,FINISHED,mlflow-artifacts:/769694705593400528/cfed4b9ec37c4ca39479b32800afb5e7/artifacts,2025-09-10 13:13:14.920000+00:00,2025-09-10 13:13:33.575000+00:00,11.4286612821207,11.248375357262027,-14.64790735366595,,,,batch,0,Polynomial,xavier,500,0.001,None,,16b46aba42414e5e8fbcf145d7696c1e,LOCAL,d:\AT82.03-ML-Car-Price-Prediction\.venv\Lib\site-packages\ipykernel_launcher.py,Fold-1,promb
3f9d6f8732ad41a4a1cfa34297e32db2,769694705593400528,FINISHED,mlflow-artifacts:/769694705593400528/3f9d6f8732ad41a4a1cfa34297e32db2/artifacts,2025-09-10 13:12:55.358000+00:00,2025-09-10 13:13:14.885000+00:00,11.555659027133679,11.990578911072207,-16.211783788892387,,,,batch,0,Polynomial,xavier,500,0.001,None,,16b46aba42414e5e8fbcf145d7696c1e,LOCAL,d:\AT82.03-ML-Car-Price-Prediction\.venv\Lib\site-packages\ipykernel_launcher.py,Fold-0,promb
16b46aba42414e5e8fbcf145d7696c1e,769694705593400528,FINISHED,mlflow-artifacts:/769694705593400528/16b46aba42414e5e8fbcf145d7696c1e/artifacts,2025-09-10 13:12:55.283000+00:00,2025-09-10 13:13:53.327000+00:00,,,,11.497944967800732,-15.62587690237305,11.744135178111,batch,0,Polynomial,xavier,500,0.001,None,,,LOCAL,d:\AT82.03-ML-Car-Price-Prediction\.venv\Lib\site-packages\ipykernel_launcher.py,Reg-Polynomial_TrainMethod-batch_Momentum-0_WeightInit-xavier_LR-0.001,promb
0750b6bfab3d4ec39622842d88540154,769694705593400528,FINISHED,mlflow-artifacts:/769694705593400528/0750b6bfab3d4ec39622842d88540154/artifacts,2025-09-10 13:12:47.253000+00:00,2025-09-10 13:12:55.154000+00:00,inf,inf,-inf,,,,batch,0,Polynomial,xavier,500,0.01,None,,d058ebf00a8e46d3b5bb1e91306e58e5,LOCAL,d:\AT82.03-ML-Car-Price-Prediction\.venv\Lib\site-packages\ipykernel_launcher.py,Fold-2,promb
1f57c6e237af4101bfb09a1727969e60,769694705593400528,FINISHED,mlflow-artifacts:/769694705593400528/1f57c6e237af4101bfb09a1727969e60/artifacts,2025-09-10 13:12:40.208000+00:00,2025-09-10 13:12:47.226000+00:00,inf,inf,-inf,,,,batch,0,Polynomial,xavier,500,0.01,None,,d058ebf00a8e46d3b5bb1e91306e58e5,LOCAL,d:\AT82.03-ML-Car-Price-Prediction\.venv\Lib\site-packages\ipykernel_launcher.py,Fold-1,promb
b893f20189f44da09268102213f9ed85,769694705593400528,FINISHED,mlflow-artifacts:/769694705593400528/b893f20189f44da09268102213f9ed85/artifacts,2025-09-10 13:12:33.388000+00:00,2025-09-10 13:12:40.183000+00:00,inf,inf,-inf,,,,batch,0,Polynomial,xavier,500,0.01,None,,d058ebf00a8e46d3b5bb1e91306e58e5,LOCAL,d:\AT82.03-ML-Car-Price-Prediction\.venv\Lib\site-packages\ipykernel_launcher.py,Fold-0,promb
d058ebf00a8e46d3b5bb1e91306e58e5,769694705593400528,FINISHED,mlflow-artifacts:/769694705593400528/d058ebf00a8e46d3b5bb1e91306e58e5/artifacts,2025-09-10 13:12:33.310000+00:00,2025-09-10 13:12:55.261000+00:00,,,,inf,-inf,inf,batch,0,Polynomial,xavier,500,0.01,None,,,LOCAL,d:\AT82.03-ML-Car-Price-Prediction\.venv\Lib\site-packages\ipykernel_launcher.py,Reg-Polynomial_TrainMethod-batch_Momentum-0_WeightInit-xavier_LR-0.01,promb
fec8787a39e742129661e6fb6d8e9f86,769694705593400528,FINISHED,mlflow-artifacts:/769694705593400528/fec8787a39e742129661e6fb6d8e9f86/artifacts,2025-09-10 13:12:13.448000+00:00,2025-09-10 13:12:33.182000+00:00,21.716148187288248,23.071326067588682,-31.736734738364277,,,,batch,0,Polynomial,zero,500,0.0001,None,,e05c0f912187492fb363516a22c2fcab,LOCAL,d:\AT82.03-ML-Car-Price-Prediction\.venv\Lib\site-packages\ipykernel_launcher.py,Fold-2,promb
0892968756aa42b0aee43963610ac5bb,769694705593400528,FINISHED,mlflow-artifacts:/769694705593400528/0892968756aa42b0aee43963610ac5bb/artifacts,2025-09-10 13:11:53.760000+00:00,2025-09-10 13:12:13.412000+00:00,22.465885236833557,21.266378253503007,-28.584211594076116,,,,batch,0,Polynomial,zero,500,0.0001,None,,e05c0f912187492fb363516a22c2fcab,LOCAL,d:\AT82.03-ML-Car-Price-Prediction\.venv\Lib\site-packages\ipykernel_launcher.py,Fold-1,promb
d9a843c9369a4413a10f98a78d4006e9,769694705593400528,FINISHED,mlflow-artifacts:/769694705593400528/d9a843c9369a4413a10f98a78d4006e9/artifacts,2025-09-10 13:11:34.111000+00:00,2025-09-10 13:11:53.730000+00:00,22.08255400077714,22.048277641218352,-30.649029666757446,,,,batch,0,Polynomial,zero,500,0.0001,None,,e05c0f912187492fb363516a22c2fcab,LOCAL,d:\AT82.03-ML-Car-Price-Prediction\.venv\Lib\site-packages\ipykernel_launcher.py,Fold-0,promb
e05c0f912187492fb363516a22c2fcab,769694705593400528,FINISHED,mlflow-artifacts:/769694705593400528/e05c0f912187492fb363516a22c2fcab/artifacts,2025-09-10 13:11:34.020000+00:00,2025-09-10 13:12:33.287000+00:00,,,,22.088195808299645,-30.32332533306595,22.128660654103346,batch,0,Polynomial,zero,500,0.0001,None,,,LOCAL,d:\AT82.03-ML-Car-Price-Prediction\.venv\Lib\site-packages\ipykernel_launcher.py,Reg-Polynomial_TrainMethod-batch_Momentum-0_WeightInit-zero_LR-0.0001,promb
f969f04641de443886732db8186bdf04,769694705593400528,FINISHED,mlflow-artifacts:/769694705593400528/f969f04641de443886732db8186bdf04/artifacts,2025-09-10 13:11:14.197000+00:00,2025-09-10 13:11:33.884000+00:00,11.505410786440653,11.991257804852431,-16.014827183612443,,,,batch,0,Polynomial,zero,500,0.001,None,,537ed55d07fe49359de1fca9dc51e980,LOCAL,d:\AT82.03-ML-Car-Price-Prediction\.venv\Lib\site-packages\ipykernel_launcher.py,Fold-2,promb
7d4ba495f62147ab9d55d8b66338e89e,769694705593400528,FINISHED,mlflow-artifacts:/769694705593400528/7d4ba495f62147ab9d55d8b66338e89e/artifacts,2025-09-10 13:10:55.736000+00:00,2025-09-10 13:11:14.171000+00:00,11.421407118212802,11.239233973206689,-14.635190536682256,,,,batch,0,Polynomial,zero,500,0.001,None,,537ed55d07fe49359de1fca9dc51e980,LOCAL,d:\AT82.03-ML-Car-Price-Prediction\.venv\Lib\site-packages\ipykernel_launcher.py,Fold-1,promb
13406fb450d14de3b4fca536b61d7efe,769694705593400528,FINISHED,mlflow-artifacts:/769694705593400528/13406fb450d14de3b4fca536b61d7efe/artifacts,2025-09-10 13:10:36.213000+00:00,2025-09-10 13:10:55.711000+00:00,11.52532542852829,11.929641243257235,-16.124311284786504,,,,batch,0,Polynomial,zero,500,0.001,None,,537ed55d07fe49359de1fca9dc51e980,LOCAL,d:\AT82.03-ML-Car-Price-Prediction\.venv\Lib\site-packages\ipykernel_launcher.py,Fold-0,promb
537ed55d07fe49359de1fca9dc51e980,769694705593400528,FINISHED,mlflow-artifacts:/769694705593400528/537ed55d07fe49359de1fca9dc51e980/artifacts,2025-09-10 13:10:36.126000+00:00,2025-09-10 13:11:33.994000+00:00,,,,11.484047777727248,-15.591443001693733,11.720044340438784,batch,0,Polynomial,zero,500,0.001,None,,,LOCAL,d:\AT82.03-ML-Car-Price-Prediction\.venv\Lib\site-packages\ipykernel_launcher.py,Reg-Polynomial_TrainMethod-batch_Momentum-0_WeightInit-zero_LR-0.001,promb
129d475f338e4c578a47c203cdbd437b,769694705593400528,FINISHED,mlflow-artifacts:/769694705593400528/129d475f338e4c578a47c203cdbd437b/artifacts,2025-09-10 13:10:29.313000+00:00,2025-09-10 13:10:35.985000+00:00,inf,inf,-inf,,,,batch,0,Polynomial,zero,500,0.01,None,,c9015e0eb43d481fadbfa86ade35220f,LOCAL,d:\AT82.03-ML-Car-Price-Prediction\.venv\Lib\site-packages\ipykernel_launcher.py,Fold-2,promb
d546bf58522f4af7b25acaaba5524989,769694705593400528,FINISHED,mlflow-artifacts:/769694705593400528/d546bf58522f4af7b25acaaba5524989/artifacts,2025-09-10 13:10:22.441000+00:00,2025-09-10 13:10:29.288000+00:00,inf,inf,-inf,,,,batch,0,Polynomial,zero,500,0.01,None,,c9015e0eb43d481fadbfa86ade35220f,LOCAL,d:\AT82.03-ML-Car-Price-Prediction\.venv\Lib\site-packages\ipykernel_launcher.py,Fold-1,promb
49c7c092f06b4958b5e2f8087afcd29b,769694705593400528,FINISHED,mlflow-artifacts:/769694705593400528/49c7c092f06b4958b5e2f8087afcd29b/artifacts,2025-09-10 13:10:14.590000+00:00,2025-09-10 13:10:22.416000+00:00,inf,inf,-inf,,,,batch,0,Polynomial,zero,500,0.01,None,,c9015e0eb43d481fadbfa86ade35220f,LOCAL,d:\AT82.03-ML-Car-Price-Prediction\.venv\Lib\site-packages\ipykernel_launcher.py,Fold-0,promb
c9015e0eb43d481fadbfa86ade35220f,769694705593400528,FINISHED,mlflow-artifacts:/769694705593400528/c9015e0eb43d481fadbfa86ade35220f/artifacts,2025-09-10 13:10:14.505000+00:00,2025-09-10 13:10:36.102000+00:00,,,,inf,-inf,inf,batch,0,Polynomial,zero,500,0.01,None,,,LOCAL,d:\AT82.03-ML-Car-Price-Prediction\.venv\Lib\site-packages\ipykernel_launcher.py,Reg-Polynomial_TrainMethod-batch_Momentum-0_WeightInit-zero_LR-0.01,promb
424ecb9a71a840c8ac85e1d69d2f47af,769694705593400528,FINISHED,mlflow-artifacts:/769694705593400528/424ecb9a71a840c8ac85e1d69d2f47af/artifacts,2025-09-10 13:09:56.069000+00:00,2025-09-10 13:10:14.377000+00:00,11.324919469533747,13.85301532593404,-18.656541922342814,,,,mini-batch,0.9,Lasso,xavier,500,0.0001,50,0.1,480cdce88e7644b1b0d6ab85ec29e182,LOCAL,d:\AT82.03-ML-Car-Price-Prediction\.venv\Lib\site-packages\ipykernel_launcher.py,Fold-2,promb
1c35b02738b44a8f9b84c01ba0b23c07,769694705593400528,FINISHED,mlflow-artifacts:/769694705593400528/1c35b02738b44a8f9b84c01ba0b23c07/artifacts,2025-09-10 13:09:37.657000+00:00,2025-09-10 13:09:56.044000+00:00,9.81872334623705,12.51806450805749,-16.414204936078622,,,,mini-batch,0.9,Lasso,xavier,500,0.0001,50,0.1,480cdce88e7644b1b0d6ab85ec29e182,LOCAL,d:\AT82.03-ML-Car-Price-Prediction\.venv\Lib\site-packages\ipykernel_launcher.py,Fold-1,promb
8b0d10450aed455aa68487911ae1661e,769694705593400528,FINISHED,mlflow-artifacts:/769694705593400528/8b0d10450aed455aa68487911ae1661e/artifacts,2025-09-10 13:09:19.122000+00:00,2025-09-10 13:09:37.630000+00:00,13.097219615869967,13.161919018776382,-17.893174889904653,,,,mini-batch,0.9,Lasso,xavier,500,0.0001,50,0.1,480cdce88e7644b1b0d6ab85ec29e182,LOCAL,d:\AT82.03-ML-Car-Price-Prediction\.venv\Lib\site-packages\ipykernel_launcher.py,Fold-0,promb
480cdce88e7644b1b0d6ab85ec29e182,769694705593400528,FINISHED,mlflow-artifacts:/769694705593400528/480cdce88e7644b1b0d6ab85ec29e182/artifacts,2025-09-10 13:09:19.041000+00:00,2025-09-10 13:10:14.482000+00:00,,,,11.413620810546922,-17.65464058277536,13.17766628425597,mini-batch,0.9,Lasso,xavier,500,0.0001,50,0.1,,LOCAL,d:\AT82.03-ML-Car-Price-Prediction\.venv\Lib\site-packages\ipykernel_launcher.py,Reg-Lasso_TrainMethod-mini-batch_BatchSize-50_Momentum-0.9_WeightInit-xavier_LR-0.0001,promb
8129e4758c384589a6602f54a6caccc0,769694705593400528,FINISHED,mlflow-artifacts:/769694705593400528/8129e4758c384589a6602f54a6caccc0/artifacts,2025-09-10 13:08:59.300000+00:00,2025-09-10 13:09:18.914000+00:00,2.713891023017557,2.4670234108208478,-2.5005482891091444,,,,mini-batch,0.9,Lasso,xavier,500,0.001,50,0.1,e4f304e458874b33b552644e5c85163e,LOCAL,d:\AT82.03-ML-Car-Price-Prediction\.venv\Lib\site-packages\ipykernel_launcher.py,Fold-2,promb
7c51c0a415794c05be49f701249dde32,769694705593400528,FINISHED,mlflow-artifacts:/769694705593400528/7c51c0a415794c05be49f701249dde32/artifacts,2025-09-10 13:08:39.891000+00:00,2025-09-10 13:08:59.276000+00:00,1.8751824803819572,2.7089165606737895,-2.7684442440719517,,,,mini-batch,0.9,Lasso,xavier,500,0.001,50,0.1,e4f304e458874b33b552644e5c85163e,LOCAL,d:\AT82.03-ML-Car-Price-Prediction\.venv\Lib\site-packages\ipykernel_launcher.py,Fold-1,promb
f985c20c701b4ebcb4aa026cb8fd0c0d,769694705593400528,FINISHED,mlflow-artifacts:/769694705593400528/f985c20c701b4ebcb4aa026cb8fd0c0d/artifacts,2025-09-10 13:08:20.342000+00:00,2025-09-10 13:08:39.866000+00:00,4.1892123340329315,2.7568531553403304,-2.957303546338987,,,,mini-batch,0.9,Lasso,xavier,500,0.001,50,0.1,e4f304e458874b33b552644e5c85163e,LOCAL,d:\AT82.03-ML-Car-Price-Prediction\.venv\Lib\site-packages\ipykernel_launcher.py,Fold-0,promb
e4f304e458874b33b552644e5c85163e,769694705593400528,FINISHED,mlflow-artifacts:/769694705593400528/e4f304e458874b33b552644e5c85163e/artifacts,2025-09-10 13:08:20.258000+00:00,2025-09-10 13:09:19.019000+00:00,,,,2.9260952791441484,-2.742098693173361,2.6442643756116557,mini-batch,0.9,Lasso,xavier,500,0.001,50,0.1,,LOCAL,d:\AT82.03-ML-Car-Price-Prediction\.venv\Lib\site-packages\ipykernel_launcher.py,Reg-Lasso_TrainMethod-mini-batch_BatchSize-50_Momentum-0.9_WeightInit-xavier_LR-0.001,promb
e23d5e1a47084317b14ec03cc5f571c8,769694705593400528,FINISHED,mlflow-artifacts:/769694705593400528/e23d5e1a47084317b14ec03cc5f571c8/artifacts,2025-09-10 13:08:19.939000+00:00,2025-09-10 13:08:20.128000+00:00,inf,inf,-inf,,,,mini-batch,0.9,Lasso,xavier,500,0.01,50,0.1,3a46183daf244537b4e83006e75fa5cb,LOCAL,d:\AT82.03-ML-Car-Price-Prediction\.venv\Lib\site-packages\ipykernel_launcher.py,Fold-2,promb
b7e4739fb897472fad2a7a45c9f0e784,769694705593400528,FINISHED,mlflow-artifacts:/769694705593400528/b7e4739fb897472fad2a7a45c9f0e784/artifacts,2025-09-10 13:08:19.672000+00:00,2025-09-10 13:08:19.916000+00:00,inf,inf,-inf,,,,mini-batch,0.9,Lasso,xavier,500,0.01,50,0.1,3a46183daf244537b4e83006e75fa5cb,LOCAL,d:\AT82.03-ML-Car-Price-Prediction\.venv\Lib\site-packages\ipykernel_launcher.py,Fold-1,promb
37b935534a7e4eb59f1e7c4766388efe,769694705593400528,FINISHED,mlflow-artifacts:/769694705593400528/37b935534a7e4eb59f1e7c4766388efe/artifacts,2025-09-10 13:08:19.456000+00:00,2025-09-10 13:08:19.649000+00:00,inf,inf,-inf,,,,mini-batch,0.9,Lasso,xavier,500,0.01,50,0.1,3a46183daf244537b4e83006e75fa5cb,LOCAL,d:\AT82.03-ML-Car-Price-Prediction\.venv\Lib\site-packages\ipykernel_launcher.py,Fold-0,promb
3a46183daf244537b4e83006e75fa5cb,769694705593400528,FINISHED,mlflow-artifacts:/769694705593400528/3a46183daf244537b4e83006e75fa5cb/artifacts,2025-09-10 13:08:19.364000+00:00,2025-09-10 13:08:20.233000+00:00,,,,inf,-inf,inf,mini-batch,0.9,Lasso,xavier,500,0.01,50,0.1,,LOCAL,d:\AT82.03-ML-Car-Price-Prediction\.venv\Lib\site-packages\ipykernel_launcher.py,Reg-Lasso_TrainMethod-mini-batch_BatchSize-50_Momentum-0.9_WeightInit-xavier_LR-0.01,promb
fe9d8b08e6294220a53528f806bc7afc,769694705593400528,FINISHED,mlflow-artifacts:/769694705593400528/fe9d8b08e6294220a53528f806bc7afc/artifacts,2025-09-10 13:08:07.033000+00:00,2025-09-10 13:08:19.234000+00:00,15.97670617203005,17.20806296204007,-23.41713973869792,,,,mini-batch,0.9,Lasso,zero,500,0.0001,50,0.1,5b0087f7557d4dba96c912088e0d6200,LOCAL,d:\AT82.03-ML-Car-Price-Prediction\.venv\Lib\site-packages\ipykernel_launcher.py,Fold-2,promb
b66fac80574f40d586e52d5eb9f99c63,769694705593400528,FINISHED,mlflow-artifacts:/769694705593400528/b66fac80574f40d586e52d5eb9f99c63/artifacts,2025-09-10 13:07:48.336000+00:00,2025-09-10 13:08:07.008000+00:00,17.734984249312713,12.56219536086585,-16.47559651257306,,,,mini-batch,0.9,Lasso,zero,500,0.0001,50,0.1,5b0087f7557d4dba96c912088e0d6200,LOCAL,d:\AT82.03-ML-Car-Price-Prediction\.venv\Lib\site-packages\ipykernel_launcher.py,Fold-1,promb
687cda5ea1bd4d78acee35e9c557a216,769694705593400528,FINISHED,mlflow-artifacts:/769694705593400528/687cda5ea1bd4d78acee35e9c557a216/artifacts,2025-09-10 13:07:29.762000+00:00,2025-09-10 13:07:48.308000+00:00,14.275685548686313,13.181759688287867,-17.921655025550415,,,,mini-batch,0.9,Lasso,zero,500,0.0001,50,0.1,5b0087f7557d4dba96c912088e0d6200,LOCAL,d:\AT82.03-ML-Car-Price-Prediction\.venv\Lib\site-packages\ipykernel_launcher.py,Fold-0,promb
5b0087f7557d4dba96c912088e0d6200,769694705593400528,FINISHED,mlflow-artifacts:/769694705593400528/5b0087f7557d4dba96c912088e0d6200/artifacts,2025-09-10 13:07:29.682000+00:00,2025-09-10 13:08:19.341000+00:00,,,,15.995791990009693,-19.271463758940463,14.317339337064595,mini-batch,0.9,Lasso,zero,500,0.0001,50,0.1,,LOCAL,d:\AT82.03-ML-Car-Price-Prediction\.venv\Lib\site-packages\ipykernel_launcher.py,Reg-Lasso_TrainMethod-mini-batch_BatchSize-50_Momentum-0.9_WeightInit-zero_LR-0.0001,promb
1f0f150083104880abcfa5a64caf1fe0,769694705593400528,FINISHED,mlflow-artifacts:/769694705593400528/1f0f150083104880abcfa5a64caf1fe0/artifacts,2025-09-10 13:07:09.983000+00:00,2025-09-10 13:07:29.558000+00:00,2.0062202993895517,2.5304683884164456,-2.5905726507753926,,,,mini-batch,0.9,Lasso,zero,500,0.001,50,0.1,689dec9b5b284c309cf1944e3a23d03f,LOCAL,d:\AT82.03-ML-Car-Price-Prediction\.venv\Lib\site-packages\ipykernel_launcher.py,Fold-2,promb
c213f5710788490395ad1d5e8870c613,769694705593400528,FINISHED,mlflow-artifacts:/769694705593400528/c213f5710788490395ad1d5e8870c613/artifacts,2025-09-10 13:06:50.592000+00:00,2025-09-10 13:07:09.959000+00:00,3.9391645705495693,2.8920652124113344,-3.0232270943337625,,,,mini-batch,0.9,Lasso,zero,500,0.001,50,0.1,689dec9b5b284c309cf1944e3a23d03f,LOCAL,d:\AT82.03-ML-Car-Price-Prediction\.venv\Lib\site-packages\ipykernel_launcher.py,Fold-1,promb
458ed3b71c8d4364a55a6c815145a7e3,769694705593400528,FINISHED,mlflow-artifacts:/769694705593400528/458ed3b71c8d4364a55a6c815145a7e3/artifacts,2025-09-10 13:06:31.189000+00:00,2025-09-10 13:06:50.567000+00:00,2.5238604955901898,2.6767458752970676,-2.8423141705760115,,,,mini-batch,0.9,Lasso,zero,500,0.001,50,0.1,689dec9b5b284c309cf1944e3a23d03f,LOCAL,d:\AT82.03-ML-Car-Price-Prediction\.venv\Lib\site-packages\ipykernel_launcher.py,Fold-0,promb
689dec9b5b284c309cf1944e3a23d03f,769694705593400528,FINISHED,mlflow-artifacts:/769694705593400528/689dec9b5b284c309cf1944e3a23d03f/artifacts,2025-09-10 13:06:31.113000+00:00,2025-09-10 13:07:29.660000+00:00,,,,2.82308178850977,-2.8187046385617225,2.6997598253749495,mini-batch,0.9,Lasso,zero,500,0.001,50,0.1,,LOCAL,d:\AT82.03-ML-Car-Price-Prediction\.venv\Lib\site-packages\ipykernel_launcher.py,Reg-Lasso_TrainMethod-mini-batch_BatchSize-50_Momentum-0.9_WeightInit-zero_LR-0.001,promb
1b4ad0f4603642569e6e4ab72de0535a,769694705593400528,FINISHED,mlflow-artifacts:/769694705593400528/1b4ad0f4603642569e6e4ab72de0535a/artifacts,2025-09-10 13:06:30.798000+00:00,2025-09-10 13:06:30.989000+00:00,inf,inf,-inf,,,,mini-batch,0.9,Lasso,zero,500,0.01,50,0.1,cfb33c54ea394164b2a464ff4a17bded,LOCAL,d:\AT82.03-ML-Car-Price-Prediction\.venv\Lib\site-packages\ipykernel_launcher.py,Fold-2,promb
103253ea3a924c4f8ec8bfe89c265704,769694705593400528,FINISHED,mlflow-artifacts:/769694705593400528/103253ea3a924c4f8ec8bfe89c265704/artifacts,2025-09-10 13:06:30.577000+00:00,2025-09-10 13:06:30.775000+00:00,inf,inf,-inf,,,,mini-batch,0.9,Lasso,zero,500,0.01,50,0.1,cfb33c54ea394164b2a464ff4a17bded,LOCAL,d:\AT82.03-ML-Car-Price-Prediction\.venv\Lib\site-packages\ipykernel_launcher.py,Fold-1,promb
d6a5f573eb8b456b85a993157fd81357,769694705593400528,FINISHED,mlflow-artifacts:/769694705593400528/d6a5f573eb8b456b85a993157fd81357/artifacts,2025-09-10 13:06:30.350000+00:00,2025-09-10 13:06:30.547000+00:00,inf,inf,-inf,,,,mini-batch,0.9,Lasso,zero,500,0.01,50,0.1,cfb33c54ea394164b2a464ff4a17bded,LOCAL,d:\AT82.03-ML-Car-Price-Prediction\.venv\Lib\site-packages\ipykernel_launcher.py,Fold-0,promb
cfb33c54ea394164b2a464ff4a17bded,769694705593400528,FINISHED,mlflow-artifacts:/769694705593400528/cfb33c54ea394164b2a464ff4a17bded/artifacts,2025-09-10 13:06:30.261000+00:00,2025-09-10 13:06:31.090000+00:00,,,,inf,-inf,inf,mini-batch,0.9,Lasso,zero,500,0.01,50,0.1,,LOCAL,d:\AT82.03-ML-Car-Price-Prediction\.venv\Lib\site-packages\ipykernel_launcher.py,Reg-Lasso_TrainMethod-mini-batch_BatchSize-50_Momentum-0.9_WeightInit-zero_LR-0.01,promb
69e16e6b2dcd4aedb03243fdec610fad,769694705593400528,FINISHED,mlflow-artifacts:/769694705593400528/69e16e6b2dcd4aedb03243fdec610fad/artifacts,2025-09-10 13:05:49.081000+00:00,2025-09-10 13:06:30.102000+00:00,0.1852151314276307,0.22071137407462002,0.6868246894151806,,,,stochastic,0.9,Lasso,xavier,500,0.0001,None,0.1,8fa73d428a4a4216a2c196f897bf766f,LOCAL,d:\AT82.03-ML-Car-Price-Prediction\.venv\Lib\site-packages\ipykernel_launcher.py,Fold-2,promb
0c40f9db52fa4737b8e675a40eae7690,769694705593400528,FINISHED,mlflow-artifacts:/769694705593400528/0c40f9db52fa4737b8e675a40eae7690/artifacts,2025-09-10 13:05:07.861000+00:00,2025-09-10 13:05:49.055000+00:00,0.7070000248408637,0.22582137135262187,0.6858540202321498,,,,stochastic,0.9,Lasso,xavier,500,0.0001,None,0.1,8fa73d428a4a4216a2c196f897bf766f,LOCAL,d:\AT82.03-ML-Car-Price-Prediction\.venv\Lib\site-packages\ipykernel_launcher.py,Fold-1,promb
5b86eeec97f0403882ee66c54db7fb8d,769694705593400528,FINISHED,mlflow-artifacts:/769694705593400528/5b86eeec97f0403882ee66c54db7fb8d/artifacts,2025-09-10 13:04:27.587000+00:00,2025-09-10 13:05:07.833000+00:00,0.005361283359540786,0.22881080278011912,0.6715553022733791,,,,stochastic,0.9,Lasso,xavier,500,0.0001,None,0.1,8fa73d428a4a4216a2c196f897bf766f,LOCAL,d:\AT82.03-ML-Car-Price-Prediction\.venv\Lib\site-packages\ipykernel_launcher.py,Fold-0,promb
8fa73d428a4a4216a2c196f897bf766f,769694705593400528,FINISHED,mlflow-artifacts:/769694705593400528/8fa73d428a4a4216a2c196f897bf766f/artifacts,2025-09-10 13:04:27.510000+00:00,2025-09-10 13:06:30.238000+00:00,,,,0.2991921465426784,0.6814113373069032,0.22511451606912034,stochastic,0.9,Lasso,xavier,500,0.0001,None,0.1,,LOCAL,d:\AT82.03-ML-Car-Price-Prediction\.venv\Lib\site-packages\ipykernel_launcher.py,Reg-Lasso_TrainMethod-stochastic_Momentum-0.9_WeightInit-xavier_LR-0.0001,promb
f4d74c39a1c34585bb80fe05d20a3607,769694705593400528,FINISHED,mlflow-artifacts:/769694705593400528/f4d74c39a1c34585bb80fe05d20a3607/artifacts,2025-09-10 13:03:46.164000+00:00,2025-09-10 13:04:27.385000+00:00,0.2850201481049599,0.2575195041999499,0.6345963091045703,,,,stochastic,0.9,Lasso,xavier,500,0.001,None,0.1,e3c8ecb26643455b9aef30ec8f69971d,LOCAL,d:\AT82.03-ML-Car-Price-Prediction\.venv\Lib\site-packages\ipykernel_launcher.py,Fold-2,promb
68727ae0638d49ceab25ebf028df14dd,769694705593400528,FINISHED,mlflow-artifacts:/769694705593400528/68727ae0638d49ceab25ebf028df14dd/artifacts,2025-09-10 13:03:07.044000+00:00,2025-09-10 13:03:46.138000+00:00,0.04410997518779536,0.11707068078765784,0.8371399327803214,,,,stochastic,0.9,Lasso,xavier,500,0.001,None,0.1,e3c8ecb26643455b9aef30ec8f69971d,LOCAL,d:\AT82.03-ML-Car-Price-Prediction\.venv\Lib\site-packages\ipykernel_launcher.py,Fold-1,promb
e4a8aec7d8274690af657208c2e76f20,769694705593400528,FINISHED,mlflow-artifacts:/769694705593400528/e4a8aec7d8274690af657208c2e76f20/artifacts,2025-09-10 13:02:26.898000+00:00,2025-09-10 13:03:07.018000+00:00,0.09107375116158253,0.1372734886805267,0.8029518320475392,,,,stochastic,0.9,Lasso,xavier,500,0.001,None,0.1,e3c8ecb26643455b9aef30ec8f69971d,LOCAL,d:\AT82.03-ML-Car-Price-Prediction\.venv\Lib\site-packages\ipykernel_launcher.py,Fold-0,promb
e3c8ecb26643455b9aef30ec8f69971d,769694705593400528,FINISHED,mlflow-artifacts:/769694705593400528/e3c8ecb26643455b9aef30ec8f69971d/artifacts,2025-09-10 13:02:26.823000+00:00,2025-09-10 13:04:27.487000+00:00,,,,0.14006795815144593,0.758229357977477,0.17062122455604478,stochastic,0.9,Lasso,xavier,500,0.001,None,0.1,,LOCAL,d:\AT82.03-ML-Car-Price-Prediction\.venv\Lib\site-packages\ipykernel_launcher.py,Reg-Lasso_TrainMethod-stochastic_Momentum-0.9_WeightInit-xavier_LR-0.001,promb
ecc71b925f1547999943a77bf7a61c0a,769694705593400528,FINISHED,mlflow-artifacts:/769694705593400528/ecc71b925f1547999943a77bf7a61c0a/artifacts,2025-09-10 13:01:45.251000+00:00,2025-09-10 13:02:26.696000+00:00,,,,,,,stochastic,0.9,Lasso,xavier,500,0.01,None,0.1,6f056424339149aba0755b6721703721,LOCAL,d:\AT82.03-ML-Car-Price-Prediction\.venv\Lib\site-packages\ipykernel_launcher.py,Fold-2,promb
caad5620cbb84dfe8be2e7fd9f6626e4,769694705593400528,FINISHED,mlflow-artifacts:/769694705593400528/caad5620cbb84dfe8be2e7fd9f6626e4/artifacts,2025-09-10 13:01:05.169000+00:00,2025-09-10 13:01:45.224000+00:00,,,,,,,stochastic,0.9,Lasso,xavier,500,0.01,None,0.1,6f056424339149aba0755b6721703721,LOCAL,d:\AT82.03-ML-Car-Price-Prediction\.venv\Lib\site-packages\ipykernel_launcher.py,Fold-1,promb
d5e250e6faf14fa5bbff2af1a1290120,769694705593400528,FINISHED,mlflow-artifacts:/769694705593400528/d5e250e6faf14fa5bbff2af1a1290120/artifacts,2025-09-10 13:00:25+00:00,2025-09-10 13:01:05.142000+00:00,,,,,,,stochastic,0.9,Lasso,xavier,500,0.01,None,0.1,6f056424339149aba0755b6721703721,LOCAL,d:\AT82.03-ML-Car-Price-Prediction\.venv\Lib\site-packages\ipykernel_launcher.py,Fold-0,promb
6f056424339149aba0755b6721703721,769694705593400528,FINISHED,mlflow-artifacts:/769694705593400528/6f056424339149aba0755b6721703721/artifacts,2025-09-10 13:00:24.912000+00:00,2025-09-10 13:02:26.802000+00:00,,,,,,,stochastic,0.9,Lasso,xavier,500,0.01,None,0.1,,LOCAL,d:\AT82.03-ML-Car-Price-Prediction\.venv\Lib\site-packages\ipykernel_launcher.py,Reg-Lasso_TrainMethod-stochastic_Momentum-0.9_WeightInit-xavier_LR-0.01,promb
e0c9551ccbb646f58fbff953f5ace304,769694705593400528,FINISHED,mlflow-artifacts:/769694705593400528/e0c9551ccbb646f58fbff953f5ace304/artifacts,2025-09-10 12:59:44.692000+00:00,2025-09-10 13:00:24.777000+00:00,0.11788625388654268,0.22405165101611174,0.6820850502689113,,,,stochastic,0.9,Lasso,zero,500,0.0001,None,0.1,6ac73434188d4c32ba2285d6a86b6f67,LOCAL,d:\AT82.03-ML-Car-Price-Prediction\.venv\Lib\site-packages\ipykernel_launcher.py,Fold-2,promb
1226b181752049c8bb440b9d67f272b3,769694705593400528,FINISHED,mlflow-artifacts:/769694705593400528/1226b181752049c8bb440b9d67f272b3/artifacts,2025-09-10 12:59:03.551000+00:00,2025-09-10 12:59:44.665000+00:00,0.08907041869420027,0.22584984765017402,0.6858144061144023,,,,stochastic,0.9,Lasso,zero,500,0.0001,None,0.1,6ac73434188d4c32ba2285d6a86b6f67,LOCAL,d:\AT82.03-ML-Car-Price-Prediction\.venv\Lib\site-packages\ipykernel_launcher.py,Fold-1,promb
c206f9d959c8476aa2ff1b1982e895c6,769694705593400528,FINISHED,mlflow-artifacts:/769694705593400528/c206f9d959c8476aa2ff1b1982e895c6/artifacts,2025-09-10 12:58:23.449000+00:00,2025-09-10 12:59:03.525000+00:00,0.08159183034928821,0.22778225135458258,0.6730317284645904,,,,stochastic,0.9,Lasso,zero,500,0.0001,None,0.1,6ac73434188d4c32ba2285d6a86b6f67,LOCAL,d:\AT82.03-ML-Car-Price-Prediction\.venv\Lib\site-packages\ipykernel_launcher.py,Fold-0,promb
6ac73434188d4c32ba2285d6a86b6f67,769694705593400528,FINISHED,mlflow-artifacts:/769694705593400528/6ac73434188d4c32ba2285d6a86b6f67/artifacts,2025-09-10 12:58:23.365000+00:00,2025-09-10 13:00:24.888000+00:00,,,,0.09618283431001039,0.6803103949493012,0.22589458334028945,stochastic,0.9,Lasso,zero,500,0.0001,None,0.1,,LOCAL,d:\AT82.03-ML-Car-Price-Prediction\.venv\Lib\site-packages\ipykernel_launcher.py,Reg-Lasso_TrainMethod-stochastic_Momentum-0.9_WeightInit-zero_LR-0.0001,promb
8b631ed9e4ce464cad328d860b7f403b,769694705593400528,FINISHED,mlflow-artifacts:/769694705593400528/8b631ed9e4ce464cad328d860b7f403b/artifacts,2025-09-10 12:57:43.970000+00:00,2025-09-10 12:58:23.235000+00:00,0.21686096680876832,0.2438603634103179,0.6539777554711202,,,,stochastic,0.9,Lasso,zero,500,0.001,None,0.1,fceb8e81fefa4269b2c3e077956f9416,LOCAL,d:\AT82.03-ML-Car-Price-Prediction\.venv\Lib\site-packages\ipykernel_launcher.py,Fold-2,promb
727fbd4d29bb412eb85c337c87bddaa2,769694705593400528,FINISHED,mlflow-artifacts:/769694705593400528/727fbd4d29bb412eb85c337c87bddaa2/artifacts,2025-09-10 12:57:03.946000+00:00,2025-09-10 12:57:43.945000+00:00,0.039887350821688115,0.1462376683609615,0.7965649781902858,,,,stochastic,0.9,Lasso,zero,500,0.001,None,0.1,fceb8e81fefa4269b2c3e077956f9416,LOCAL,d:\AT82.03-ML-Car-Price-Prediction\.venv\Lib\site-packages\ipykernel_launcher.py,Fold-1,promb
2edc86cdb0244e74baf14063ce38765c,769694705593400528,FINISHED,mlflow-artifacts:/769694705593400528/2edc86cdb0244e74baf14063ce38765c/artifacts,2025-09-10 12:56:22.797000+00:00,2025-09-10 12:57:03.919000+00:00,0.029547395753365256,0.15345451982435052,0.7797248960009687,,,,stochastic,0.9,Lasso,zero,500,0.001,None,0.1,fceb8e81fefa4269b2c3e077956f9416,LOCAL,d:\AT82.03-ML-Car-Price-Prediction\.venv\Lib\site-packages\ipykernel_launcher.py,Fold-0,promb
fceb8e81fefa4269b2c3e077956f9416,769694705593400528,FINISHED,mlflow-artifacts:/769694705593400528/fceb8e81fefa4269b2c3e077956f9416/artifacts,2025-09-10 12:56:22.704000+00:00,2025-09-10 12:58:23.342000+00:00,,,,0.0954319044612739,0.7434225432207916,0.18118418386520996,stochastic,0.9,Lasso,zero,500,0.001,None,0.1,,LOCAL,d:\AT82.03-ML-Car-Price-Prediction\.venv\Lib\site-packages\ipykernel_launcher.py,Reg-Lasso_TrainMethod-stochastic_Momentum-0.9_WeightInit-zero_LR-0.001,promb
37d0311bab7c492eb66d0cd05047b5c1,769694705593400528,FINISHED,mlflow-artifacts:/769694705593400528/37d0311bab7c492eb66d0cd05047b5c1/artifacts,2025-09-10 12:55:39.249000+00:00,2025-09-10 12:56:22.579000+00:00,,,,,,,stochastic,0.9,Lasso,zero,500,0.01,None,0.1,fe3ba0f76ca345068acc422ca605e4a6,LOCAL,d:\AT82.03-ML-Car-Price-Prediction\.venv\Lib\site-packages\ipykernel_launcher.py,Fold-2,promb
5bfc2449e2ec406495be4a4e05de2f59,769694705593400528,FINISHED,mlflow-artifacts:/769694705593400528/5bfc2449e2ec406495be4a4e05de2f59/artifacts,2025-09-10 12:54:58.816000+00:00,2025-09-10 12:55:39.222000+00:00,,,,,,,stochastic,0.9,Lasso,zero,500,0.01,None,0.1,fe3ba0f76ca345068acc422ca605e4a6,LOCAL,d:\AT82.03-ML-Car-Price-Prediction\.venv\Lib\site-packages\ipykernel_launcher.py,Fold-1,promb
f4e430d414334736aefe6176dbf702ab,769694705593400528,FINISHED,mlflow-artifacts:/769694705593400528/f4e430d414334736aefe6176dbf702ab/artifacts,2025-09-10 12:54:17.827000+00:00,2025-09-10 12:54:58.788000+00:00,,,,,,,stochastic,0.9,Lasso,zero,500,0.01,None,0.1,fe3ba0f76ca345068acc422ca605e4a6,LOCAL,d:\AT82.03-ML-Car-Price-Prediction\.venv\Lib\site-packages\ipykernel_launcher.py,Fold-0,promb
fe3ba0f76ca345068acc422ca605e4a6,769694705593400528,FINISHED,mlflow-artifacts:/769694705593400528/fe3ba0f76ca345068acc422ca605e4a6/artifacts,2025-09-10 12:54:17.747000+00:00,2025-09-10 12:56:22.682000+00:00,,,,,,,stochastic,0.9,Lasso,zero,500,0.01,None,0.1,,LOCAL,d:\AT82.03-ML-Car-Price-Prediction\.venv\Lib\site-packages\ipykernel_launcher.py,Reg-Lasso_TrainMethod-stochastic_Momentum-0.9_WeightInit-zero_LR-0.01,promb
3db94d6b4a1749c5923e88c6631f925e,769694705593400528,FINISHED,mlflow-artifacts:/769694705593400528/3db94d6b4a1749c5923e88c6631f925e/artifacts,2025-09-10 12:53:58.657000+00:00,2025-09-10 12:54:17.623000+00:00,24.26116930644439,25.869555272754088,-35.70724284692649,,,,batch,0.9,Lasso,xavier,500,0.0001,None,0.1,0a0e23138a5b44958b49afb2b59d5f7b,LOCAL,d:\AT82.03-ML-Car-Price-Prediction\.venv\Lib\site-packages\ipykernel_launcher.py,Fold-2,promb
4d36fbe3900d4a1981674b06d471fc01,769694705593400528,FINISHED,mlflow-artifacts:/769694705593400528/4d36fbe3900d4a1981674b06d471fc01/artifacts,2025-09-10 12:53:40.721000+00:00,2025-09-10 12:53:58.629000+00:00,25.25394006757529,23.95732528384228,-32.327657957393505,,,,batch,0.9,Lasso,xavier,500,0.0001,None,0.1,0a0e23138a5b44958b49afb2b59d5f7b,LOCAL,d:\AT82.03-ML-Car-Price-Prediction\.venv\Lib\site-packages\ipykernel_launcher.py,Fold-1,promb
0969844b0382455b98b0d9e53b61d461,769694705593400528,FINISHED,mlflow-artifacts:/769694705593400528/0969844b0382455b98b0d9e53b61d461/artifacts,2025-09-10 12:53:21.835000+00:00,2025-09-10 12:53:40.693000+00:00,24.9063153113509,24.58873310860997,-34.29570682507857,,,,batch,0.9,Lasso,xavier,500,0.0001,None,0.1,0a0e23138a5b44958b49afb2b59d5f7b,LOCAL,d:\AT82.03-ML-Car-Price-Prediction\.venv\Lib\site-packages\ipykernel_launcher.py,Fold-0,promb
0a0e23138a5b44958b49afb2b59d5f7b,769694705593400528,FINISHED,mlflow-artifacts:/769694705593400528/0a0e23138a5b44958b49afb2b59d5f7b/artifacts,2025-09-10 12:53:21.756000+00:00,2025-09-10 12:54:17.724000+00:00,,,,24.807141561790193,-34.11020254313285,24.80520455506878,batch,0.9,Lasso,xavier,500,0.0001,None,0.1,,LOCAL,d:\AT82.03-ML-Car-Price-Prediction\.venv\Lib\site-packages\ipykernel_launcher.py,Reg-Lasso_TrainMethod-batch_Momentum-0.9_WeightInit-xavier_LR-0.0001,promb
48fc1f068926445199f140c877a7e9c9,769694705593400528,FINISHED,mlflow-artifacts:/769694705593400528/48fc1f068926445199f140c877a7e9c9/artifacts,2025-09-10 12:53:04.765000+00:00,2025-09-10 12:53:21.628000+00:00,22.38812565725719,23.84796420880254,-32.838734542889235,,,,batch,0.9,Lasso,xavier,500,0.001,None,0.1,576f7bf98f78497c9bceaf64af92d749,LOCAL,d:\AT82.03-ML-Car-Price-Prediction\.venv\Lib\site-packages\ipykernel_launcher.py,Fold-2,promb
b5f039a31e694c949b8d117ffef8dacb,769694705593400528,FINISHED,mlflow-artifacts:/769694705593400528/b5f039a31e694c949b8d117ffef8dacb/artifacts,2025-09-10 12:52:46.821000+00:00,2025-09-10 12:53:04.740000+00:00,23.20278538804801,21.979360314477002,-29.576059472600555,,,,batch,0.9,Lasso,xavier,500,0.001,None,0.1,576f7bf98f78497c9bceaf64af92d749,LOCAL,d:\AT82.03-ML-Car-Price-Prediction\.venv\Lib\site-packages\ipykernel_launcher.py,Fold-1,promb
ab9ee1d2de91424da72f9dddcb978d6e,769694705593400528,FINISHED,mlflow-artifacts:/769694705593400528/ab9ee1d2de91424da72f9dddcb978d6e/artifacts,2025-09-10 12:52:27.777000+00:00,2025-09-10 12:52:46.794000+00:00,22.975353537989538,22.753062085495554,-31.6607070480282,,,,batch,0.9,Lasso,xavier,500,0.001,None,0.1,576f7bf98f78497c9bceaf64af92d749,LOCAL,d:\AT82.03-ML-Car-Price-Prediction\.venv\Lib\site-packages\ipykernel_launcher.py,Fold-0,promb
576f7bf98f78497c9bceaf64af92d749,769694705593400528,FINISHED,mlflow-artifacts:/769694705593400528/576f7bf98f78497c9bceaf64af92d749/artifacts,2025-09-10 12:52:27.689000+00:00,2025-09-10 12:53:21.732000+00:00,,,,22.855421527764914,-31.358500354505995,22.8601288695917,batch,0.9,Lasso,xavier,500,0.001,None,0.1,,LOCAL,d:\AT82.03-ML-Car-Price-Prediction\.venv\Lib\site-packages\ipykernel_launcher.py,Reg-Lasso_TrainMethod-batch_Momentum-0.9_WeightInit-xavier_LR-0.001,promb
4979bafa4c7d479d9db81b2bb389f303,769694705593400528,FINISHED,mlflow-artifacts:/769694705593400528/4979bafa4c7d479d9db81b2bb389f303/artifacts,2025-09-10 12:52:21.276000+00:00,2025-09-10 12:52:27.558000+00:00,inf,inf,-inf,,,,batch,0.9,Lasso,xavier,500,0.01,None,0.1,e7cb6325dd5444c3b0153187885d102a,LOCAL,d:\AT82.03-ML-Car-Price-Prediction\.venv\Lib\site-packages\ipykernel_launcher.py,Fold-2,promb
ed0935b9fbcb4284a3f2b52a4e5f6149,769694705593400528,FINISHED,mlflow-artifacts:/769694705593400528/ed0935b9fbcb4284a3f2b52a4e5f6149/artifacts,2025-09-10 12:52:14.929000+00:00,2025-09-10 12:52:21.252000+00:00,inf,inf,-inf,,,,batch,0.9,Lasso,xavier,500,0.01,None,0.1,e7cb6325dd5444c3b0153187885d102a,LOCAL,d:\AT82.03-ML-Car-Price-Prediction\.venv\Lib\site-packages\ipykernel_launcher.py,Fold-1,promb
c199d08d50c0436384bdabe78fcb990a,769694705593400528,FINISHED,mlflow-artifacts:/769694705593400528/c199d08d50c0436384bdabe78fcb990a/artifacts,2025-09-10 12:52:07.623000+00:00,2025-09-10 12:52:14.902000+00:00,inf,inf,-inf,,,,batch,0.9,Lasso,xavier,500,0.01,None,0.1,e7cb6325dd5444c3b0153187885d102a,LOCAL,d:\AT82.03-ML-Car-Price-Prediction\.venv\Lib\site-packages\ipykernel_launcher.py,Fold-0,promb
e7cb6325dd5444c3b0153187885d102a,769694705593400528,FINISHED,mlflow-artifacts:/769694705593400528/e7cb6325dd5444c3b0153187885d102a/artifacts,2025-09-10 12:52:07.501000+00:00,2025-09-10 12:52:27.666000+00:00,,,,inf,-inf,inf,batch,0.9,Lasso,xavier,500,0.01,None,0.1,,LOCAL,d:\AT82.03-ML-Car-Price-Prediction\.venv\Lib\site-packages\ipykernel_launcher.py,Reg-Lasso_TrainMethod-batch_Momentum-0.9_WeightInit-xavier_LR-0.01,promb
3deb8f99d3464446952224ffcd3654bc,769694705593400528,FINISHED,mlflow-artifacts:/769694705593400528/3deb8f99d3464446952224ffcd3654bc/artifacts,2025-09-10 12:51:49.178000+00:00,2025-09-10 12:52:07.376000+00:00,24.261865129700592,25.873077613116514,-35.71224082241196,,,,batch,0.9,Lasso,zero,500,0.0001,None,0.1,61ef35a10048416cb877b3dd1723b370,LOCAL,d:\AT82.03-ML-Car-Price-Prediction\.venv\Lib\site-packages\ipykernel_launcher.py,Fold-2,promb
3c05500916d049dcbfdc295b16cc3975,769694705593400528,FINISHED,mlflow-artifacts:/769694705593400528/3c05500916d049dcbfdc295b16cc3975/artifacts,2025-09-10 12:51:30.373000+00:00,2025-09-10 12:51:49.153000+00:00,25.224411390510053,23.93524595740331,-32.296942832446575,,,,batch,0.9,Lasso,zero,500,0.0001,None,0.1,61ef35a10048416cb877b3dd1723b370,LOCAL,d:\AT82.03-ML-Car-Price-Prediction\.venv\Lib\site-packages\ipykernel_launcher.py,Fold-1,promb
375cdf6083a24051b252d60d10a597f1,769694705593400528,FINISHED,mlflow-artifacts:/769694705593400528/375cdf6083a24051b252d60d10a597f1/artifacts,2025-09-10 12:51:11.575000+00:00,2025-09-10 12:51:30.347000+00:00,24.877840508564102,24.558378226039675,-34.252134143591555,,,,batch,0.9,Lasso,zero,500,0.0001,None,0.1,61ef35a10048416cb877b3dd1723b370,LOCAL,d:\AT82.03-ML-Car-Price-Prediction\.venv\Lib\site-packages\ipykernel_launcher.py,Fold-0,promb
61ef35a10048416cb877b3dd1723b370,769694705593400528,FINISHED,mlflow-artifacts:/769694705593400528/61ef35a10048416cb877b3dd1723b370/artifacts,2025-09-10 12:51:11.487000+00:00,2025-09-10 12:52:07.477000+00:00,,,,24.788039009591582,-34.08710593281669,24.78890059885317,batch,0.9,Lasso,zero,500,0.0001,None,0.1,,LOCAL,d:\AT82.03-ML-Car-Price-Prediction\.venv\Lib\site-packages\ipykernel_launcher.py,Reg-Lasso_TrainMethod-batch_Momentum-0.9_WeightInit-zero_LR-0.0001,promb
19c83b197c914a7f8f962830e315351f,769694705593400528,FINISHED,mlflow-artifacts:/769694705593400528/19c83b197c914a7f8f962830e315351f/artifacts,2025-09-10 12:50:53.464000+00:00,2025-09-10 12:51:11.357000+00:00,22.414520742139235,23.877606331089076,-32.8807948168212,,,,batch,0.9,Lasso,zero,500,0.001,None,0.1,43cc76db882941c894fe25491366e8ba,LOCAL,d:\AT82.03-ML-Car-Price-Prediction\.venv\Lib\site-packages\ipykernel_launcher.py,Fold-2,promb
1394f10c885645cab38ab11123619e26,769694705593400528,FINISHED,mlflow-artifacts:/769694705593400528/1394f10c885645cab38ab11123619e26/artifacts,2025-09-10 12:50:35.536000+00:00,2025-09-10 12:50:53.440000+00:00,23.23879023342278,22.012958469009416,-29.6227987387327,,,,batch,0.9,Lasso,zero,500,0.001,None,0.1,43cc76db882941c894fe25491366e8ba,LOCAL,d:\AT82.03-ML-Car-Price-Prediction\.venv\Lib\site-packages\ipykernel_launcher.py,Fold-1,promb
9fca9c11310e419cb2b868a593ec17ae,769694705593400528,FINISHED,mlflow-artifacts:/769694705593400528/9fca9c11310e419cb2b868a593ec17ae/artifacts,2025-09-10 12:50:16.552000+00:00,2025-09-10 12:50:35.510000+00:00,22.91699131383728,22.695238490945055,-31.577704616312353,,,,batch,0.9,Lasso,zero,500,0.001,None,0.1,43cc76db882941c894fe25491366e8ba,LOCAL,d:\AT82.03-ML-Car-Price-Prediction\.venv\Lib\site-packages\ipykernel_launcher.py,Fold-0,promb
43cc76db882941c894fe25491366e8ba,769694705593400528,FINISHED,mlflow-artifacts:/769694705593400528/43cc76db882941c894fe25491366e8ba/artifacts,2025-09-10 12:50:16.466000+00:00,2025-09-10 12:51:11.464000+00:00,,,,22.856767429799763,-31.360432723955416,22.861934430347848,batch,0.9,Lasso,zero,500,0.001,None,0.1,,LOCAL,d:\AT82.03-ML-Car-Price-Prediction\.venv\Lib\site-packages\ipykernel_launcher.py,Reg-Lasso_TrainMethod-batch_Momentum-0.9_WeightInit-zero_LR-0.001,promb
74232c2211d042d4a8d1c338419fc093,769694705593400528,FINISHED,mlflow-artifacts:/769694705593400528/74232c2211d042d4a8d1c338419fc093/artifacts,2025-09-10 12:50:10.079000+00:00,2025-09-10 12:50:16.338000+00:00,inf,inf,-inf,,,,batch,0.9,Lasso,zero,500,0.01,None,0.1,7dfe099473a743398f4f2004eb90c55e,LOCAL,d:\AT82.03-ML-Car-Price-Prediction\.venv\Lib\site-packages\ipykernel_launcher.py,Fold-2,promb
17cd3d64bbaf4184a39cdbb172489d37,769694705593400528,FINISHED,mlflow-artifacts:/769694705593400528/17cd3d64bbaf4184a39cdbb172489d37/artifacts,2025-09-10 12:50:03.773000+00:00,2025-09-10 12:50:10.053000+00:00,inf,inf,-inf,,,,batch,0.9,Lasso,zero,500,0.01,None,0.1,7dfe099473a743398f4f2004eb90c55e,LOCAL,d:\AT82.03-ML-Car-Price-Prediction\.venv\Lib\site-packages\ipykernel_launcher.py,Fold-1,promb
f778c6f5d7df44a1adcb821caa1fae82,769694705593400528,FINISHED,mlflow-artifacts:/769694705593400528/f778c6f5d7df44a1adcb821caa1fae82/artifacts,2025-09-10 12:49:57.455000+00:00,2025-09-10 12:50:03.745000+00:00,inf,inf,-inf,,,,batch,0.9,Lasso,zero,500,0.01,None,0.1,7dfe099473a743398f4f2004eb90c55e,LOCAL,d:\AT82.03-ML-Car-Price-Prediction\.venv\Lib\site-packages\ipykernel_launcher.py,Fold-0,promb
7dfe099473a743398f4f2004eb90c55e,769694705593400528,FINISHED,mlflow-artifacts:/769694705593400528/7dfe099473a743398f4f2004eb90c55e/artifacts,2025-09-10 12:49:57.361000+00:00,2025-09-10 12:50:16.440000+00:00,,,,inf,-inf,inf,batch,0.9,Lasso,zero,500,0.01,None,0.1,,LOCAL,d:\AT82.03-ML-Car-Price-Prediction\.venv\Lib\site-packages\ipykernel_launcher.py,Reg-Lasso_TrainMethod-batch_Momentum-0.9_WeightInit-zero_LR-0.01,promb
090b36b0762d4192b174a4aeb545628d,769694705593400528,FINISHED,mlflow-artifacts:/769694705593400528/090b36b0762d4192b174a4aeb545628d/artifacts,2025-09-10 12:49:40.981000+00:00,2025-09-10 12:49:57.216000+00:00,1.4340345832210624,2.579213245377021,-2.6597384823146397,,,,mini-batch,0,Lasso,xavier,500,0.0001,50,0.1,afe1de3c5abf49d2bf213a98471dc209,LOCAL,d:\AT82.03-ML-Car-Price-Prediction\.venv\Lib\site-packages\ipykernel_launcher.py,Fold-2,promb
8707d2b76c654a329e372d167cd42a06,769694705593400528,FINISHED,mlflow-artifacts:/769694705593400528/8707d2b76c654a329e372d167cd42a06/artifacts,2025-09-10 12:49:25.155000+00:00,2025-09-10 12:49:40.955000+00:00,4.22940267484937,3.0585145535945037,-3.254779099595698,,,,mini-batch,0,Lasso,xavier,500,0.0001,50,0.1,afe1de3c5abf49d2bf213a98471dc209,LOCAL,d:\AT82.03-ML-Car-Price-Prediction\.venv\Lib\site-packages\ipykernel_launcher.py,Fold-1,promb
0b333b02e30a43b1887d36ade261cf89,769694705593400528,FINISHED,mlflow-artifacts:/769694705593400528/0b333b02e30a43b1887d36ade261cf89/artifacts,2025-09-10 12:49:14.910000+00:00,2025-09-10 12:49:25.130000+00:00,6.865887779317839,3.9659543929913452,-4.6928985693711605,,,,mini-batch,0,Lasso,xavier,500,0.0001,50,0.1,afe1de3c5abf49d2bf213a98471dc209,LOCAL,d:\AT82.03-ML-Car-Price-Prediction\.venv\Lib\site-packages\ipykernel_launcher.py,Fold-0,promb
afe1de3c5abf49d2bf213a98471dc209,769694705593400528,FINISHED,mlflow-artifacts:/769694705593400528/afe1de3c5abf49d2bf213a98471dc209/artifacts,2025-09-10 12:49:14.830000+00:00,2025-09-10 12:49:57.326000+00:00,,,,4.176441679129424,-3.5358053837604992,3.2012273973209564,mini-batch,0,Lasso,xavier,500,0.0001,50,0.1,,LOCAL,d:\AT82.03-ML-Car-Price-Prediction\.venv\Lib\site-packages\ipykernel_launcher.py,Reg-Lasso_TrainMethod-mini-batch_BatchSize-50_Momentum-0_WeightInit-xavier_LR-0.0001,promb
814f635d7cb64d3ca5a5e6b5bbb61c08,769694705593400528,FINISHED,mlflow-artifacts:/769694705593400528/814f635d7cb64d3ca5a5e6b5bbb61c08/artifacts,2025-09-10 12:48:56.441000+00:00,2025-09-10 12:49:14.705000+00:00,0.07431708166927281,0.12140507805826985,0.8277339661950616,,,,mini-batch,0,Lasso,xavier,500,0.001,50,0.1,b4da161c84e3401192cee8d967be15de,LOCAL,d:\AT82.03-ML-Car-Price-Prediction\.venv\Lib\site-packages\ipykernel_launcher.py,Fold-2,promb
38e98ebc1a2c4ea7aacec017c4a4fa5b,769694705593400528,FINISHED,mlflow-artifacts:/769694705593400528/38e98ebc1a2c4ea7aacec017c4a4fa5b/artifacts,2025-09-10 12:48:36.909000+00:00,2025-09-10 12:48:56.413000+00:00,0.09914094933057022,0.1207361060897532,0.8320408643622372,,,,mini-batch,0,Lasso,xavier,500,0.001,50,0.1,b4da161c84e3401192cee8d967be15de,LOCAL,d:\AT82.03-ML-Car-Price-Prediction\.venv\Lib\site-packages\ipykernel_launcher.py,Fold-1,promb
2ac097541fd64d8ab2a28622de35aa75,769694705593400528,FINISHED,mlflow-artifacts:/769694705593400528/2ac097541fd64d8ab2a28622de35aa75/artifacts,2025-09-10 12:48:17.628000+00:00,2025-09-10 12:48:36.885000+00:00,0.07753942698255621,0.13429244488051814,0.8072309483213652,,,,mini-batch,0,Lasso,xavier,500,0.001,50,0.1,b4da161c84e3401192cee8d967be15de,LOCAL,d:\AT82.03-ML-Car-Price-Prediction\.venv\Lib\site-packages\ipykernel_launcher.py,Fold-0,promb
b4da161c84e3401192cee8d967be15de,769694705593400528,FINISHED,mlflow-artifacts:/769694705593400528/b4da161c84e3401192cee8d967be15de/artifacts,2025-09-10 12:48:17.553000+00:00,2025-09-10 12:49:14.809000+00:00,,,,0.08366581932746642,0.8223352596262213,0.12547787634284704,mini-batch,0,Lasso,xavier,500,0.001,50,0.1,,LOCAL,d:\AT82.03-ML-Car-Price-Prediction\.venv\Lib\site-packages\ipykernel_launcher.py,Reg-Lasso_TrainMethod-mini-batch_BatchSize-50_Momentum-0_WeightInit-xavier_LR-0.001,promb
f2c9eec506a14bd0bfc4e6f5e63cd5e6,769694705593400528,FINISHED,mlflow-artifacts:/769694705593400528/f2c9eec506a14bd0bfc4e6f5e63cd5e6/artifacts,2025-09-10 12:48:17.243000+00:00,2025-09-10 12:48:17.427000+00:00,inf,inf,-inf,,,,mini-batch,0,Lasso,xavier,500,0.01,50,0.1,5639d4d569584798a60d48c90ff804c1,LOCAL,d:\AT82.03-ML-Car-Price-Prediction\.venv\Lib\site-packages\ipykernel_launcher.py,Fold-2,promb
8998696f47ae48db9026046022daac72,769694705593400528,FINISHED,mlflow-artifacts:/769694705593400528/8998696f47ae48db9026046022daac72/artifacts,2025-09-10 12:48:17.035000+00:00,2025-09-10 12:48:17.219000+00:00,inf,inf,-inf,,,,mini-batch,0,Lasso,xavier,500,0.01,50,0.1,5639d4d569584798a60d48c90ff804c1,LOCAL,d:\AT82.03-ML-Car-Price-Prediction\.venv\Lib\site-packages\ipykernel_launcher.py,Fold-1,promb
17353e9f672349cfb3f78748aca8a089,769694705593400528,FINISHED,mlflow-artifacts:/769694705593400528/17353e9f672349cfb3f78748aca8a089/artifacts,2025-09-10 12:48:16.835000+00:00,2025-09-10 12:48:17.012000+00:00,inf,inf,-inf,,,,mini-batch,0,Lasso,xavier,500,0.01,50,0.1,5639d4d569584798a60d48c90ff804c1,LOCAL,d:\AT82.03-ML-Car-Price-Prediction\.venv\Lib\site-packages\ipykernel_launcher.py,Fold-0,promb
5639d4d569584798a60d48c90ff804c1,769694705593400528,FINISHED,mlflow-artifacts:/769694705593400528/5639d4d569584798a60d48c90ff804c1/artifacts,2025-09-10 12:48:16.753000+00:00,2025-09-10 12:48:17.531000+00:00,,,,inf,-inf,inf,mini-batch,0,Lasso,xavier,500,0.01,50,0.1,,LOCAL,d:\AT82.03-ML-Car-Price-Prediction\.venv\Lib\site-packages\ipykernel_launcher.py,Reg-Lasso_TrainMethod-mini-batch_BatchSize-50_Momentum-0_WeightInit-xavier_LR-0.01,promb
e459ad5edb0c4ad6af55ac6056823d65,769694705593400528,FINISHED,mlflow-artifacts:/769694705593400528/e459ad5edb0c4ad6af55ac6056823d65/artifacts,2025-09-10 12:47:58.317000+00:00,2025-09-10 12:48:16.628000+00:00,2.161576933858678,2.4645475209900063,-2.497035159937625,,,,mini-batch,0,Lasso,zero,500,0.0001,50,0.1,291f59855ad249729f96149aed8e7b27,LOCAL,d:\AT82.03-ML-Car-Price-Prediction\.venv\Lib\site-packages\ipykernel_launcher.py,Fold-2,promb
af7f0e64a0354d609b7ae78b146ac87a,769694705593400528,FINISHED,mlflow-artifacts:/769694705593400528/af7f0e64a0354d609b7ae78b146ac87a/artifacts,2025-09-10 12:47:44.316000+00:00,2025-09-10 12:47:58.293000+00:00,2.264009737202899,3.0094059046858286,-3.186462781551551,,,,mini-batch,0,Lasso,zero,500,0.0001,50,0.1,291f59855ad249729f96149aed8e7b27,LOCAL,d:\AT82.03-ML-Car-Price-Prediction\.venv\Lib\site-packages\ipykernel_launcher.py,Fold-1,promb
bfee68766b6147eb9d28b48a719bc9af,769694705593400528,FINISHED,mlflow-artifacts:/769694705593400528/bfee68766b6147eb9d28b48a719bc9af/artifacts,2025-09-10 12:47:24.032000+00:00,2025-09-10 12:47:44.290000+00:00,2.6456452109697564,2.564647836870154,-2.6814039080380323,,,,mini-batch,0,Lasso,zero,500,0.0001,50,0.1,291f59855ad249729f96149aed8e7b27,LOCAL,d:\AT82.03-ML-Car-Price-Prediction\.venv\Lib\site-packages\ipykernel_launcher.py,Fold-0,promb
291f59855ad249729f96149aed8e7b27,769694705593400528,FINISHED,mlflow-artifacts:/769694705593400528/291f59855ad249729f96149aed8e7b27/artifacts,2025-09-10 12:47:23.949000+00:00,2025-09-10 12:48:16.730000+00:00,,,,2.3570772940104443,-2.788300616509069,2.679533754181996,mini-batch,0,Lasso,zero,500,0.0001,50,0.1,,LOCAL,d:\AT82.03-ML-Car-Price-Prediction\.venv\Lib\site-packages\ipykernel_launcher.py,Reg-Lasso_TrainMethod-mini-batch_BatchSize-50_Momentum-0_WeightInit-zero_LR-0.0001,promb
99a5d1a298d84931861da530e62e325e,769694705593400528,FINISHED,mlflow-artifacts:/769694705593400528/99a5d1a298d84931861da530e62e325e/artifacts,2025-09-10 12:47:05.693000+00:00,2025-09-10 12:47:23.823000+00:00,0.06456866192144788,0.11697247390505609,0.8340235477275156,,,,mini-batch,0,Lasso,zero,500,0.001,50,0.1,ede51af183c2402cbb5e8a23522b466b,LOCAL,d:\AT82.03-ML-Car-Price-Prediction\.venv\Lib\site-packages\ipykernel_launcher.py,Fold-2,promb
057a88852dc4494690501b550039c99a,769694705593400528,FINISHED,mlflow-artifacts:/769694705593400528/057a88852dc4494690501b550039c99a/artifacts,2025-09-10 12:46:46.268000+00:00,2025-09-10 12:47:05.670000+00:00,0.17143297930437193,0.1227441435238495,0.8292474312900429,,,,mini-batch,0,Lasso,zero,500,0.001,50,0.1,ede51af183c2402cbb5e8a23522b466b,LOCAL,d:\AT82.03-ML-Car-Price-Prediction\.venv\Lib\site-packages\ipykernel_launcher.py,Fold-1,promb
6d79537cc86d42978b5fdcccb8907fe7,769694705593400528,FINISHED,mlflow-artifacts:/769694705593400528/6d79537cc86d42978b5fdcccb8907fe7/artifacts,2025-09-10 12:46:26.985000+00:00,2025-09-10 12:46:46.245000+00:00,0.15559560213903403,0.15162512934149017,0.7823508804250714,,,,mini-batch,0,Lasso,zero,500,0.001,50,0.1,ede51af183c2402cbb5e8a23522b466b,LOCAL,d:\AT82.03-ML-Car-Price-Prediction\.venv\Lib\site-packages\ipykernel_launcher.py,Fold-0,promb
ede51af183c2402cbb5e8a23522b466b,769694705593400528,FINISHED,mlflow-artifacts:/769694705593400528/ede51af183c2402cbb5e8a23522b466b/artifacts,2025-09-10 12:46:26.904000+00:00,2025-09-10 12:47:23.925000+00:00,,,,0.13053241445495128,0.8152072864808767,0.13044724892346526,mini-batch,0,Lasso,zero,500,0.001,50,0.1,,LOCAL,d:\AT82.03-ML-Car-Price-Prediction\.venv\Lib\site-packages\ipykernel_launcher.py,Reg-Lasso_TrainMethod-mini-batch_BatchSize-50_Momentum-0_WeightInit-zero_LR-0.001,promb
cf37f71f249540ba98dd21434cc80877,769694705593400528,FINISHED,mlflow-artifacts:/769694705593400528/cf37f71f249540ba98dd21434cc80877/artifacts,2025-09-10 12:46:26.574000+00:00,2025-09-10 12:46:26.752000+00:00,inf,inf,-inf,,,,mini-batch,0,Lasso,zero,500,0.01,50,0.1,374d333d85664db59572d8c72cecb9f1,LOCAL,d:\AT82.03-ML-Car-Price-Prediction\.venv\Lib\site-packages\ipykernel_launcher.py,Fold-2,promb
ff79d6c747e2454198000088e23b3b8c,769694705593400528,FINISHED,mlflow-artifacts:/769694705593400528/ff79d6c747e2454198000088e23b3b8c/artifacts,2025-09-10 12:46:26.363000+00:00,2025-09-10 12:46:26.550000+00:00,inf,inf,-inf,,,,mini-batch,0,Lasso,zero,500,0.01,50,0.1,374d333d85664db59572d8c72cecb9f1,LOCAL,d:\AT82.03-ML-Car-Price-Prediction\.venv\Lib\site-packages\ipykernel_launcher.py,Fold-1,promb
3ed3abd6027d46979471c9e1af06f5f8,769694705593400528,FINISHED,mlflow-artifacts:/769694705593400528/3ed3abd6027d46979471c9e1af06f5f8/artifacts,2025-09-10 12:46:26.110000+00:00,2025-09-10 12:46:26.339000+00:00,inf,inf,-inf,,,,mini-batch,0,Lasso,zero,500,0.01,50,0.1,374d333d85664db59572d8c72cecb9f1,LOCAL,d:\AT82.03-ML-Car-Price-Prediction\.venv\Lib\site-packages\ipykernel_launcher.py,Fold-0,promb
374d333d85664db59572d8c72cecb9f1,769694705593400528,FINISHED,mlflow-artifacts:/769694705593400528/374d333d85664db59572d8c72cecb9f1/artifacts,2025-09-10 12:46:26.033000+00:00,2025-09-10 12:46:26.882000+00:00,,,,inf,-inf,inf,mini-batch,0,Lasso,zero,500,0.01,50,0.1,,LOCAL,d:\AT82.03-ML-Car-Price-Prediction\.venv\Lib\site-packages\ipykernel_launcher.py,Reg-Lasso_TrainMethod-mini-batch_BatchSize-50_Momentum-0_WeightInit-zero_LR-0.01,promb
a4186bcd9f0148e2a916137b73d712a2,769694705593400528,FINISHED,mlflow-artifacts:/769694705593400528/a4186bcd9f0148e2a916137b73d712a2/artifacts,2025-09-10 12:45:44.444000+00:00,2025-09-10 12:46:25.904000+00:00,0.004568419888612389,0.11555468225798604,0.8360353033122804,,,,stochastic,0,Lasso,xavier,500,0.0001,None,0.1,7c298ced05f74f85840acfd9a59898ec,LOCAL,d:\AT82.03-ML-Car-Price-Prediction\.venv\Lib\site-packages\ipykernel_launcher.py,Fold-2,promb
7b7d156a61284b16b8b6bb9b9088f7bd,769694705593400528,FINISHED,mlflow-artifacts:/769694705593400528/7b7d156a61284b16b8b6bb9b9088f7bd/artifacts,2025-09-10 12:45:14.846000+00:00,2025-09-10 12:45:44.419000+00:00,0.03071393190854613,0.1062116709824806,0.8522461835931787,,,,stochastic,0,Lasso,xavier,500,0.0001,None,0.1,7c298ced05f74f85840acfd9a59898ec,LOCAL,d:\AT82.03-ML-Car-Price-Prediction\.venv\Lib\site-packages\ipykernel_launcher.py,Fold-1,promb
db862b5e179742a38017ece88efd9954,769694705593400528,FINISHED,mlflow-artifacts:/769694705593400528/db862b5e179742a38017ece88efd9954/artifacts,2025-09-10 12:44:47.700000+00:00,2025-09-10 12:45:14.821000+00:00,0.25703999415667445,0.12092033541095723,0.8264258394686936,,,,stochastic,0,Lasso,xavier,500,0.0001,None,0.1,7c298ced05f74f85840acfd9a59898ec,LOCAL,d:\AT82.03-ML-Car-Price-Prediction\.venv\Lib\site-packages\ipykernel_launcher.py,Fold-0,promb
7c298ced05f74f85840acfd9a59898ec,769694705593400528,FINISHED,mlflow-artifacts:/769694705593400528/7c298ced05f74f85840acfd9a59898ec/artifacts,2025-09-10 12:44:47.605000+00:00,2025-09-10 12:46:26.011000+00:00,,,,0.097440781984611,0.8382357754580508,0.11422889621714129,stochastic,0,Lasso,xavier,500,0.0001,None,0.1,,LOCAL,d:\AT82.03-ML-Car-Price-Prediction\.venv\Lib\site-packages\ipykernel_launcher.py,Reg-Lasso_TrainMethod-stochastic_Momentum-0_WeightInit-xavier_LR-0.0001,promb
ef8f8c100faa4f04a0b4182674b4094e,769694705593400528,FINISHED,mlflow-artifacts:/769694705593400528/ef8f8c100faa4f04a0b4182674b4094e/artifacts,2025-09-10 12:44:07.154000+00:00,2025-09-10 12:44:47.474000+00:00,0.032844735698511915,0.17471438443320356,0.7520914731381034,,,,stochastic,0,Lasso,xavier,500,0.001,None,0.1,a67cdb906bca467392f5ce2c4f6b8572,LOCAL,d:\AT82.03-ML-Car-Price-Prediction\.venv\Lib\site-packages\ipykernel_launcher.py,Fold-2,promb
aa7547a2d3014ba3acd793f1b8d5806b,769694705593400528,FINISHED,mlflow-artifacts:/769694705593400528/aa7547a2d3014ba3acd793f1b8d5806b/artifacts,2025-09-10 12:43:26.922000+00:00,2025-09-10 12:44:07.127000+00:00,0.037125133069561216,0.112808357879542,0.8430693609741045,,,,stochastic,0,Lasso,xavier,500,0.001,None,0.1,a67cdb906bca467392f5ce2c4f6b8572,LOCAL,d:\AT82.03-ML-Car-Price-Prediction\.venv\Lib\site-packages\ipykernel_launcher.py,Fold-1,promb
51520a70663449c883afaede1fa96eaf,769694705593400528,FINISHED,mlflow-artifacts:/769694705593400528/51520a70663449c883afaede1fa96eaf/artifacts,2025-09-10 12:42:47.765000+00:00,2025-09-10 12:43:26.897000+00:00,0.0010283007183249353,0.15875874422754838,0.7721109880927104,,,,stochastic,0,Lasso,xavier,500,0.001,None,0.1,a67cdb906bca467392f5ce2c4f6b8572,LOCAL,d:\AT82.03-ML-Car-Price-Prediction\.venv\Lib\site-packages\ipykernel_launcher.py,Fold-0,promb
a67cdb906bca467392f5ce2c4f6b8572,769694705593400528,FINISHED,mlflow-artifacts:/769694705593400528/a67cdb906bca467392f5ce2c4f6b8572/artifacts,2025-09-10 12:42:47.681000+00:00,2025-09-10 12:44:47.583000+00:00,,,,0.02366605649546602,0.7890906074016394,0.14876049551343132,stochastic,0,Lasso,xavier,500,0.001,None,0.1,,LOCAL,d:\AT82.03-ML-Car-Price-Prediction\.venv\Lib\site-packages\ipykernel_launcher.py,Reg-Lasso_TrainMethod-stochastic_Momentum-0_WeightInit-xavier_LR-0.001,promb
02cfe78977e345e787a83e5ce9e43ede,769694705593400528,FINISHED,mlflow-artifacts:/769694705593400528/02cfe78977e345e787a83e5ce9e43ede/artifacts,2025-09-10 12:42:05.083000+00:00,2025-09-10 12:42:47.552000+00:00,,,,,,,stochastic,0,Lasso,xavier,500,0.01,None,0.1,f0eb240d5fe544b384afad4747bb82bc,LOCAL,d:\AT82.03-ML-Car-Price-Prediction\.venv\Lib\site-packages\ipykernel_launcher.py,Fold-2,promb
52a793d4efd54600a29f6b52c4f20533,769694705593400528,FINISHED,mlflow-artifacts:/769694705593400528/52a793d4efd54600a29f6b52c4f20533/artifacts,2025-09-10 12:41:23.882000+00:00,2025-09-10 12:42:05.052000+00:00,,,,,,,stochastic,0,Lasso,xavier,500,0.01,None,0.1,f0eb240d5fe544b384afad4747bb82bc,LOCAL,d:\AT82.03-ML-Car-Price-Prediction\.venv\Lib\site-packages\ipykernel_launcher.py,Fold-1,promb
7d9e024c473449ebb3b1a81194b2a4e1,769694705593400528,FINISHED,mlflow-artifacts:/769694705593400528/7d9e024c473449ebb3b1a81194b2a4e1/artifacts,2025-09-10 12:40:43.320000+00:00,2025-09-10 12:41:23.856000+00:00,,,,,,,stochastic,0,Lasso,xavier,500,0.01,None,0.1,f0eb240d5fe544b384afad4747bb82bc,LOCAL,d:\AT82.03-ML-Car-Price-Prediction\.venv\Lib\site-packages\ipykernel_launcher.py,Fold-0,promb
f0eb240d5fe544b384afad4747bb82bc,769694705593400528,FINISHED,mlflow-artifacts:/769694705593400528/f0eb240d5fe544b384afad4747bb82bc/artifacts,2025-09-10 12:40:43.242000+00:00,2025-09-10 12:42:47.659000+00:00,,,,,,,stochastic,0,Lasso,xavier,500,0.01,None,0.1,,LOCAL,d:\AT82.03-ML-Car-Price-Prediction\.venv\Lib\site-packages\ipykernel_launcher.py,Reg-Lasso_TrainMethod-stochastic_Momentum-0_WeightInit-xavier_LR-0.01,promb
77c384c5e9c0409a9a277c6df115e0dd,769694705593400528,FINISHED,mlflow-artifacts:/769694705593400528/77c384c5e9c0409a9a277c6df115e0dd/artifacts,2025-09-10 12:40:03.687000+00:00,2025-09-10 12:40:43.114000+00:00,0.04559879010668058,0.1128687460882536,0.8398464747921995,,,,stochastic,0,Lasso,zero,500,0.0001,None,0.1,142db873b19f46dd9418a0231271c22f,LOCAL,d:\AT82.03-ML-Car-Price-Prediction\.venv\Lib\site-packages\ipykernel_launcher.py,Fold-2,promb
bf347cad8ba54ecd845725f9a2c20749,769694705593400528,FINISHED,mlflow-artifacts:/769694705593400528/bf347cad8ba54ecd845725f9a2c20749/artifacts,2025-09-10 12:39:22.254000+00:00,2025-09-10 12:40:03.663000+00:00,0.003271331991527933,0.10837877009004648,0.8492314756923163,,,,stochastic,0,Lasso,zero,500,0.0001,None,0.1,142db873b19f46dd9418a0231271c22f,LOCAL,d:\AT82.03-ML-Car-Price-Prediction\.venv\Lib\site-packages\ipykernel_launcher.py,Fold-1,promb
f0ca4776cf044f789cf76c3c63359d2b,769694705593400528,FINISHED,mlflow-artifacts:/769694705593400528/f0ca4776cf044f789cf76c3c63359d2b/artifacts,2025-09-10 12:38:41.946000+00:00,2025-09-10 12:39:22.229000+00:00,0.021674058166811217,0.12865260029527234,0.8153266196249892,,,,stochastic,0,Lasso,zero,500,0.0001,None,0.1,142db873b19f46dd9418a0231271c22f,LOCAL,d:\AT82.03-ML-Car-Price-Prediction\.venv\Lib\site-packages\ipykernel_launcher.py,Fold-0,promb
142db873b19f46dd9418a0231271c22f,769694705593400528,FINISHED,mlflow-artifacts:/769694705593400528/142db873b19f46dd9418a0231271c22f/artifacts,2025-09-10 12:38:41.872000+00:00,2025-09-10 12:40:43.219000+00:00,,,,0.023514726755006574,0.834801523369835,0.11663337215785748,stochastic,0,Lasso,zero,500,0.0001,None,0.1,,LOCAL,d:\AT82.03-ML-Car-Price-Prediction\.venv\Lib\site-packages\ipykernel_launcher.py,Reg-Lasso_TrainMethod-stochastic_Momentum-0_WeightInit-zero_LR-0.0001,promb
62449cb2234d495da38e3d4831d77822,769694705593400528,FINISHED,mlflow-artifacts:/769694705593400528/62449cb2234d495da38e3d4831d77822/artifacts,2025-09-10 12:38:00.991000+00:00,2025-09-10 12:38:41.743000+00:00,0.5819127452333706,0.17082410271158158,0.7576115338578536,,,,stochastic,0,Lasso,zero,500,0.001,None,0.1,aaa08bf7dd02448f9cbfab048d9aaebb,LOCAL,d:\AT82.03-ML-Car-Price-Prediction\.venv\Lib\site-packages\ipykernel_launcher.py,Fold-2,promb
b8034c831f594126924323b6b27f68af,769694705593400528,FINISHED,mlflow-artifacts:/769694705593400528/b8034c831f594126924323b6b27f68af/artifacts,2025-09-10 12:37:19.842000+00:00,2025-09-10 12:38:00.966000+00:00,1.0868037559064736,0.3924982925642776,0.4539854224767921,,,,stochastic,0,Lasso,zero,500,0.001,None,0.1,aaa08bf7dd02448f9cbfab048d9aaebb,LOCAL,d:\AT82.03-ML-Car-Price-Prediction\.venv\Lib\site-packages\ipykernel_launcher.py,Fold-1,promb
64e6160f43a14b9e9633aa4be839d35b,769694705593400528,FINISHED,mlflow-artifacts:/769694705593400528/64e6160f43a14b9e9633aa4be839d35b/artifacts,2025-09-10 12:36:39.354000+00:00,2025-09-10 12:37:19.796000+00:00,0.010810714284027549,0.14377905291695456,0.793613470164215,,,,stochastic,0,Lasso,zero,500,0.001,None,0.1,aaa08bf7dd02448f9cbfab048d9aaebb,LOCAL,d:\AT82.03-ML-Car-Price-Prediction\.venv\Lib\site-packages\ipykernel_launcher.py,Fold-0,promb
aaa08bf7dd02448f9cbfab048d9aaebb,769694705593400528,FINISHED,mlflow-artifacts:/769694705593400528/aaa08bf7dd02448f9cbfab048d9aaebb/artifacts,2025-09-10 12:36:39.277000+00:00,2025-09-10 12:38:41.849000+00:00,,,,0.5598424051412906,0.6684034754996202,0.2357004827309379,stochastic,0,Lasso,zero,500,0.001,None,0.1,,LOCAL,d:\AT82.03-ML-Car-Price-Prediction\.venv\Lib\site-packages\ipykernel_launcher.py,Reg-Lasso_TrainMethod-stochastic_Momentum-0_WeightInit-zero_LR-0.001,promb
1f23b19c31f042cd998476bb2959372e,769694705593400528,FINISHED,mlflow-artifacts:/769694705593400528/1f23b19c31f042cd998476bb2959372e/artifacts,2025-09-10 12:35:58.838000+00:00,2025-09-10 12:36:39.151000+00:00,,,,,,,stochastic,0,Lasso,zero,500,0.01,None,0.1,da91b7fbb8bc406db07e5f253f5d30cb,LOCAL,d:\AT82.03-ML-Car-Price-Prediction\.venv\Lib\site-packages\ipykernel_launcher.py,Fold-2,promb
28cb47eb5696420bbb4736d237482f89,769694705593400528,FINISHED,mlflow-artifacts:/769694705593400528/28cb47eb5696420bbb4736d237482f89/artifacts,2025-09-10 12:35:18.585000+00:00,2025-09-10 12:35:58.812000+00:00,,,,,,,stochastic,0,Lasso,zero,500,0.01,None,0.1,da91b7fbb8bc406db07e5f253f5d30cb,LOCAL,d:\AT82.03-ML-Car-Price-Prediction\.venv\Lib\site-packages\ipykernel_launcher.py,Fold-1,promb
a99df768a53b4457a6a9ec5e70aaec8c,769694705593400528,FINISHED,mlflow-artifacts:/769694705593400528/a99df768a53b4457a6a9ec5e70aaec8c/artifacts,2025-09-10 12:34:38.327000+00:00,2025-09-10 12:35:18.558000+00:00,,,,,,,stochastic,0,Lasso,zero,500,0.01,None,0.1,da91b7fbb8bc406db07e5f253f5d30cb,LOCAL,d:\AT82.03-ML-Car-Price-Prediction\.venv\Lib\site-packages\ipykernel_launcher.py,Fold-0,promb
da91b7fbb8bc406db07e5f253f5d30cb,769694705593400528,FINISHED,mlflow-artifacts:/769694705593400528/da91b7fbb8bc406db07e5f253f5d30cb/artifacts,2025-09-10 12:34:38.242000+00:00,2025-09-10 12:36:39.255000+00:00,,,,,,,stochastic,0,Lasso,zero,500,0.01,None,0.1,,LOCAL,d:\AT82.03-ML-Car-Price-Prediction\.venv\Lib\site-packages\ipykernel_launcher.py,Reg-Lasso_TrainMethod-stochastic_Momentum-0_WeightInit-zero_LR-0.01,promb
798613ec7ca541fe96ae156e8f5f7213,769694705593400528,FINISHED,mlflow-artifacts:/769694705593400528/798613ec7ca541fe96ae156e8f5f7213/artifacts,2025-09-10 12:34:20.289000+00:00,2025-09-10 12:34:38.105000+00:00,22.37700727431926,23.843979834580857,-32.83308097093539,,,,batch,0,Lasso,xavier,500,0.0001,None,0.1,6acfa4975a674d44bec67dc87cec8e4a,LOCAL,d:\AT82.03-ML-Car-Price-Prediction\.venv\Lib\site-packages\ipykernel_launcher.py,Fold-2,promb
22f4cb880b5c4723a88572b0d375dee9,769694705593400528,FINISHED,mlflow-artifacts:/769694705593400528/22f4cb880b5c4723a88572b0d375dee9/artifacts,2025-09-10 12:34:02.654000+00:00,2025-09-10 12:34:20.262000+00:00,23.2747947996554,22.042002984196706,-29.663203318802964,,,,batch,0,Lasso,xavier,500,0.0001,None,0.1,6acfa4975a674d44bec67dc87cec8e4a,LOCAL,d:\AT82.03-ML-Car-Price-Prediction\.venv\Lib\site-packages\ipykernel_launcher.py,Fold-1,promb
d4f35d8821464355aacf82b2599093cb,769694705593400528,FINISHED,mlflow-artifacts:/769694705593400528/d4f35d8821464355aacf82b2599093cb/artifacts,2025-09-10 12:33:44.873000+00:00,2025-09-10 12:34:02.628000+00:00,23.00319734922717,22.780304741970838,-31.699812308630307,,,,batch,0,Lasso,xavier,500,0.0001,None,0.1,6acfa4975a674d44bec67dc87cec8e4a,LOCAL,d:\AT82.03-ML-Car-Price-Prediction\.venv\Lib\site-packages\ipykernel_launcher.py,Fold-0,promb
6acfa4975a674d44bec67dc87cec8e4a,769694705593400528,FINISHED,mlflow-artifacts:/769694705593400528/6acfa4975a674d44bec67dc87cec8e4a/artifacts,2025-09-10 12:33:44.771000+00:00,2025-09-10 12:34:38.219000+00:00,,,,22.884999807733948,-31.398698866122885,22.88876252024947,batch,0,Lasso,xavier,500,0.0001,None,0.1,,LOCAL,d:\AT82.03-ML-Car-Price-Prediction\.venv\Lib\site-packages\ipykernel_launcher.py,Reg-Lasso_TrainMethod-batch_Momentum-0_WeightInit-xavier_LR-0.0001,promb
b4615dcdc9b6472eb27f2666b4836ae3,769694705593400528,FINISHED,mlflow-artifacts:/769694705593400528/b4615dcdc9b6472eb27f2666b4836ae3/artifacts,2025-09-10 12:33:26.944000+00:00,2025-09-10 12:33:44.641000+00:00,12.007152818649821,12.636294338474448,-16.930092731673113,,,,batch,0,Lasso,xavier,500,0.001,None,0.1,a9e531dae64b4e88b8a3338d7743c888,LOCAL,d:\AT82.03-ML-Car-Price-Prediction\.venv\Lib\site-packages\ipykernel_launcher.py,Fold-2,promb
6adbed38b551495ba294c61c0e64515e,769694705593400528,FINISHED,mlflow-artifacts:/769694705593400528/6adbed38b551495ba294c61c0e64515e/artifacts,2025-09-10 12:33:09.300000+00:00,2025-09-10 12:33:26.917000+00:00,12.070959224107687,11.468600726804599,-14.954268589851425,,,,batch,0,Lasso,xavier,500,0.001,None,0.1,a9e531dae64b4e88b8a3338d7743c888,LOCAL,d:\AT82.03-ML-Car-Price-Prediction\.venv\Lib\site-packages\ipykernel_launcher.py,Fold-1,promb
2a790a5aa71049108d519370e72ef6ad,769694705593400528,FINISHED,mlflow-artifacts:/769694705593400528/2a790a5aa71049108d519370e72ef6ad/artifacts,2025-09-10 12:32:51.446000+00:00,2025-09-10 12:33:09.276000+00:00,11.966792787529572,12.09307437984384,-16.35891011706404,,,,batch,0,Lasso,xavier,500,0.001,None,0.1,a9e531dae64b4e88b8a3338d7743c888,LOCAL,d:\AT82.03-ML-Car-Price-Prediction\.venv\Lib\site-packages\ipykernel_launcher.py,Fold-0,promb
a9e531dae64b4e88b8a3338d7743c888,769694705593400528,FINISHED,mlflow-artifacts:/769694705593400528/a9e531dae64b4e88b8a3338d7743c888/artifacts,2025-09-10 12:32:51.362000+00:00,2025-09-10 12:33:44.747000+00:00,,,,12.01496827676236,-16.081090479529525,12.065989815040963,batch,0,Lasso,xavier,500,0.001,None,0.1,,LOCAL,d:\AT82.03-ML-Car-Price-Prediction\.venv\Lib\site-packages\ipykernel_launcher.py,Reg-Lasso_TrainMethod-batch_Momentum-0_WeightInit-xavier_LR-0.001,promb
75c40ffdee664c64bd1265aa5d7d7745,769694705593400528,FINISHED,mlflow-artifacts:/769694705593400528/75c40ffdee664c64bd1265aa5d7d7745/artifacts,2025-09-10 12:32:44.561000+00:00,2025-09-10 12:32:51.235000+00:00,inf,inf,-inf,,,,batch,0,Lasso,xavier,500,0.01,None,0.1,fe95f909b4c6405798ed749cd36093b2,LOCAL,d:\AT82.03-ML-Car-Price-Prediction\.venv\Lib\site-packages\ipykernel_launcher.py,Fold-2,promb
f2707bef99954efc8229b022290cec94,769694705593400528,FINISHED,mlflow-artifacts:/769694705593400528/f2707bef99954efc8229b022290cec94/artifacts,2025-09-10 12:32:37.875000+00:00,2025-09-10 12:32:44.533000+00:00,inf,inf,-inf,,,,batch,0,Lasso,xavier,500,0.01,None,0.1,fe95f909b4c6405798ed749cd36093b2,LOCAL,d:\AT82.03-ML-Car-Price-Prediction\.venv\Lib\site-packages\ipykernel_launcher.py,Fold-1,promb
47fddcff5cfc431b89c7bef4f640d597,769694705593400528,FINISHED,mlflow-artifacts:/769694705593400528/47fddcff5cfc431b89c7bef4f640d597/artifacts,2025-09-10 12:32:31.161000+00:00,2025-09-10 12:32:37.851000+00:00,inf,inf,-inf,,,,batch,0,Lasso,xavier,500,0.01,None,0.1,fe95f909b4c6405798ed749cd36093b2,LOCAL,d:\AT82.03-ML-Car-Price-Prediction\.venv\Lib\site-packages\ipykernel_launcher.py,Fold-0,promb
fe95f909b4c6405798ed749cd36093b2,769694705593400528,FINISHED,mlflow-artifacts:/769694705593400528/fe95f909b4c6405798ed749cd36093b2/artifacts,2025-09-10 12:32:31.086000+00:00,2025-09-10 12:32:51.339000+00:00,,,,inf,-inf,inf,batch,0,Lasso,xavier,500,0.01,None,0.1,,LOCAL,d:\AT82.03-ML-Car-Price-Prediction\.venv\Lib\site-packages\ipykernel_launcher.py,Reg-Lasso_TrainMethod-batch_Momentum-0_WeightInit-xavier_LR-0.01,promb
2c9f4791aa8043b6998ca995631ee186,769694705593400528,FINISHED,mlflow-artifacts:/769694705593400528/2c9f4791aa8043b6998ca995631ee186/artifacts,2025-09-10 12:32:13.137000+00:00,2025-09-10 12:32:30.934000+00:00,22.445182949354866,23.91040534870682,-32.927334523133936,,,,batch,0,Lasso,zero,500,0.0001,None,0.1,e578332fdf7244b6b9512c2cadc6df44,LOCAL,d:\AT82.03-ML-Car-Price-Prediction\.venv\Lib\site-packages\ipykernel_launcher.py,Fold-2,promb
9f61c6ca20874d0492345bc21948a181,769694705593400528,FINISHED,mlflow-artifacts:/769694705593400528/9f61c6ca20874d0492345bc21948a181/artifacts,2025-09-10 12:31:55.197000+00:00,2025-09-10 12:32:13.110000+00:00,23.271805517263,22.044350595933004,-29.666469142513964,,,,batch,0,Lasso,zero,500,0.0001,None,0.1,e578332fdf7244b6b9512c2cadc6df44,LOCAL,d:\AT82.03-ML-Car-Price-Prediction\.venv\Lib\site-packages\ipykernel_launcher.py,Fold-1,promb
6314dd2d982f4737a256fe2b8ad17f70,769694705593400528,FINISHED,mlflow-artifacts:/769694705593400528/6314dd2d982f4737a256fe2b8ad17f70/artifacts,2025-09-10 12:31:37.435000+00:00,2025-09-10 12:31:55.172000+00:00,22.949557093976136,22.726939751624393,-31.623209945846043,,,,batch,0,Lasso,zero,500,0.0001,None,0.1,e578332fdf7244b6b9512c2cadc6df44,LOCAL,d:\AT82.03-ML-Car-Price-Prediction\.venv\Lib\site-packages\ipykernel_launcher.py,Fold-0,promb
e578332fdf7244b6b9512c2cadc6df44,769694705593400528,FINISHED,mlflow-artifacts:/769694705593400528/e578332fdf7244b6b9512c2cadc6df44/artifacts,2025-09-10 12:31:37.348000+00:00,2025-09-10 12:32:31.061000+00:00,,,,22.888848520198,-31.405671203831314,22.893898565421406,batch,0,Lasso,zero,500,0.0001,None,0.1,,LOCAL,d:\AT82.03-ML-Car-Price-Prediction\.venv\Lib\site-packages\ipykernel_launcher.py,Reg-Lasso_TrainMethod-batch_Momentum-0_WeightInit-zero_LR-0.0001,promb
87c1b1e902a44884b2c1bbee44b53c90,769694705593400528,FINISHED,mlflow-artifacts:/769694705593400528/87c1b1e902a44884b2c1bbee44b53c90/artifacts,2025-09-10 12:31:19.536000+00:00,2025-09-10 12:31:37.210000+00:00,12.019745759070286,12.65152156837612,-16.95169919610566,,,,batch,0,Lasso,zero,500,0.001,None,0.1,79bbc3194f2f4dca8af077098299cb11,LOCAL,d:\AT82.03-ML-Car-Price-Prediction\.venv\Lib\site-packages\ipykernel_launcher.py,Fold-2,promb
2f98f2638cc3425c8431c5c67e2339a7,769694705593400528,FINISHED,mlflow-artifacts:/769694705593400528/2f98f2638cc3425c8431c5c67e2339a7/artifacts,2025-09-10 12:31:00.796000+00:00,2025-09-10 12:31:19.508000+00:00,12.083593916592005,11.47793252741929,-14.967250300260588,,,,batch,0,Lasso,zero,500,0.001,None,0.1,79bbc3194f2f4dca8af077098299cb11,LOCAL,d:\AT82.03-ML-Car-Price-Prediction\.venv\Lib\site-packages\ipykernel_launcher.py,Fold-1,promb
8088ff3099bc4926b58ad0012c83d404,769694705593400528,FINISHED,mlflow-artifacts:/769694705593400528/8088ff3099bc4926b58ad0012c83d404/artifacts,2025-09-10 12:30:42.075000+00:00,2025-09-10 12:31:00.770000+00:00,11.975138255920982,12.097834607262227,-16.365743148706535,,,,batch,0,Lasso,zero,500,0.001,None,0.1,79bbc3194f2f4dca8af077098299cb11,LOCAL,d:\AT82.03-ML-Car-Price-Prediction\.venv\Lib\site-packages\ipykernel_launcher.py,Fold-0,promb
79bbc3194f2f4dca8af077098299cb11,769694705593400528,FINISHED,mlflow-artifacts:/769694705593400528/79bbc3194f2f4dca8af077098299cb11/artifacts,2025-09-10 12:30:41.994000+00:00,2025-09-10 12:31:37.326000+00:00,,,,12.026159310527758,-16.094897548357594,12.075762901019212,batch,0,Lasso,zero,500,0.001,None,0.1,,LOCAL,d:\AT82.03-ML-Car-Price-Prediction\.venv\Lib\site-packages\ipykernel_launcher.py,Reg-Lasso_TrainMethod-batch_Momentum-0_WeightInit-zero_LR-0.001,promb
fc21115a5542400e89dde7206ab66e49,769694705593400528,FINISHED,mlflow-artifacts:/769694705593400528/fc21115a5542400e89dde7206ab66e49/artifacts,2025-09-10 12:30:34.342000+00:00,2025-09-10 12:30:41.869000+00:00,inf,inf,-inf,,,,batch,0,Lasso,zero,500,0.01,None,0.1,05d6929659a0479cb7403534665829a6,LOCAL,d:\AT82.03-ML-Car-Price-Prediction\.venv\Lib\site-packages\ipykernel_launcher.py,Fold-2,promb
f80e804d8b34461e9f456360c7a97ef6,769694705593400528,FINISHED,mlflow-artifacts:/769694705593400528/f80e804d8b34461e9f456360c7a97ef6/artifacts,2025-09-10 12:30:27.639000+00:00,2025-09-10 12:30:34.317000+00:00,inf,inf,-inf,,,,batch,0,Lasso,zero,500,0.01,None,0.1,05d6929659a0479cb7403534665829a6,LOCAL,d:\AT82.03-ML-Car-Price-Prediction\.venv\Lib\site-packages\ipykernel_launcher.py,Fold-1,promb
0d22c661c030483d9a305abd3b303766,769694705593400528,FINISHED,mlflow-artifacts:/769694705593400528/0d22c661c030483d9a305abd3b303766/artifacts,2025-09-10 12:30:19.974000+00:00,2025-09-10 12:30:27.614000+00:00,inf,inf,-inf,,,,batch,0,Lasso,zero,500,0.01,None,0.1,05d6929659a0479cb7403534665829a6,LOCAL,d:\AT82.03-ML-Car-Price-Prediction\.venv\Lib\site-packages\ipykernel_launcher.py,Fold-0,promb
05d6929659a0479cb7403534665829a6,769694705593400528,FINISHED,mlflow-artifacts:/769694705593400528/05d6929659a0479cb7403534665829a6/artifacts,2025-09-10 12:30:19.894000+00:00,2025-09-10 12:30:41.971000+00:00,,,,inf,-inf,inf,batch,0,Lasso,zero,500,0.01,None,0.1,,LOCAL,d:\AT82.03-ML-Car-Price-Prediction\.venv\Lib\site-packages\ipykernel_launcher.py,Reg-Lasso_TrainMethod-batch_Momentum-0_WeightInit-zero_LR-0.01,promb
97c9ced1a6144ea7bb3f260052ff20df,769694705593400528,FINISHED,mlflow-artifacts:/769694705593400528/97c9ced1a6144ea7bb3f260052ff20df/artifacts,2025-09-10 12:30:01.599000+00:00,2025-09-10 12:30:19.770000+00:00,16.68572299064514,13.847956591329757,-18.649363901783136,,,,mini-batch,0.9,Ridge,xavier,500,0.0001,50,0.1,9b4f0d83c41e4230bce52f79258e60e6,LOCAL,d:\AT82.03-ML-Car-Price-Prediction\.venv\Lib\site-packages\ipykernel_launcher.py,Fold-2,promb
80cdfe98809a4ac8bd797780c2d656a3,769694705593400528,FINISHED,mlflow-artifacts:/769694705593400528/80cdfe98809a4ac8bd797780c2d656a3/artifacts,2025-09-10 12:29:43.428000+00:00,2025-09-10 12:30:01.574000+00:00,16.48470829256757,12.561402138620936,-16.474493040488866,,,,mini-batch,0.9,Ridge,xavier,500,0.0001,50,0.1,9b4f0d83c41e4230bce52f79258e60e6,LOCAL,d:\AT82.03-ML-Car-Price-Prediction\.venv\Lib\site-packages\ipykernel_launcher.py,Fold-1,promb
272dfeeadb724f35b59c65cf47b07e51,769694705593400528,FINISHED,mlflow-artifacts:/769694705593400528/272dfeeadb724f35b59c65cf47b07e51/artifacts,2025-09-10 12:29:24.236000+00:00,2025-09-10 12:29:43.404000+00:00,10.20857643703496,13.20778111120153,-17.959007275878854,,,,mini-batch,0.9,Ridge,xavier,500,0.0001,50,0.1,9b4f0d83c41e4230bce52f79258e60e6,LOCAL,d:\AT82.03-ML-Car-Price-Prediction\.venv\Lib\site-packages\ipykernel_launcher.py,Fold-0,promb
9b4f0d83c41e4230bce52f79258e60e6,769694705593400528,FINISHED,mlflow-artifacts:/769694705593400528/9b4f0d83c41e4230bce52f79258e60e6/artifacts,2025-09-10 12:29:24.166000+00:00,2025-09-10 12:30:19.871000+00:00,,,,14.459669240082556,-17.694288072716954,13.205713280384074,mini-batch,0.9,Ridge,xavier,500,0.0001,50,0.1,,LOCAL,d:\AT82.03-ML-Car-Price-Prediction\.venv\Lib\site-packages\ipykernel_launcher.py,Reg-Ridge_TrainMethod-mini-batch_BatchSize-50_Momentum-0.9_WeightInit-xavier_LR-0.0001,promb
ddb24b99eafc46caa2183d62d50e448f,769694705593400528,FINISHED,mlflow-artifacts:/769694705593400528/ddb24b99eafc46caa2183d62d50e448f/artifacts,2025-09-10 12:29:05.808000+00:00,2025-09-10 12:29:24.040000+00:00,2.4730462346397615,2.468325341823278,-2.5023956458561876,,,,mini-batch,0.9,Ridge,xavier,500,0.001,50,0.1,166b055d3bb24621853e72278517f031,LOCAL,d:\AT82.03-ML-Car-Price-Prediction\.venv\Lib\site-packages\ipykernel_launcher.py,Fold-2,promb
030796a3d02845eda5eb89f47690adf8,769694705593400528,FINISHED,mlflow-artifacts:/769694705593400528/030796a3d02845eda5eb89f47690adf8/artifacts,2025-09-10 12:28:46.577000+00:00,2025-09-10 12:29:05.784000+00:00,1.0170946029106107,2.657649159233039,-2.697124829265071,,,,mini-batch,0.9,Ridge,xavier,500,0.001,50,0.1,166b055d3bb24621853e72278517f031,LOCAL,d:\AT82.03-ML-Car-Price-Prediction\.venv\Lib\site-packages\ipykernel_launcher.py,Fold-1,promb
0200d9169fcc4ca786e86b8646ab3888,769694705593400528,FINISHED,mlflow-artifacts:/769694705593400528/0200d9169fcc4ca786e86b8646ab3888/artifacts,2025-09-10 12:28:27.313000+00:00,2025-09-10 12:28:46.553000+00:00,1.7908848155229442,2.8049443038941253,-3.026335613698394,,,,mini-batch,0.9,Ridge,xavier,500,0.001,50,0.1,166b055d3bb24621853e72278517f031,LOCAL,d:\AT82.03-ML-Car-Price-Prediction\.venv\Lib\site-packages\ipykernel_launcher.py,Fold-0,promb
166b055d3bb24621853e72278517f031,769694705593400528,FINISHED,mlflow-artifacts:/769694705593400528/166b055d3bb24621853e72278517f031/artifacts,2025-09-10 12:28:27.222000+00:00,2025-09-10 12:29:24.144000+00:00,,,,1.760341884357772,-2.741952029606551,2.6436396016501473,mini-batch,0.9,Ridge,xavier,500,0.001,50,0.1,,LOCAL,d:\AT82.03-ML-Car-Price-Prediction\.venv\Lib\site-packages\ipykernel_launcher.py,Reg-Ridge_TrainMethod-mini-batch_BatchSize-50_Momentum-0.9_WeightInit-xavier_LR-0.001,promb
ef590290effb401993af297f8a35423b,769694705593400528,FINISHED,mlflow-artifacts:/769694705593400528/ef590290effb401993af297f8a35423b/artifacts,2025-09-10 12:28:26.840000+00:00,2025-09-10 12:28:27.047000+00:00,inf,inf,-inf,,,,mini-batch,0.9,Ridge,xavier,500,0.01,50,0.1,0e4a81e6376f4b9ba601050cd42b8530,LOCAL,d:\AT82.03-ML-Car-Price-Prediction\.venv\Lib\site-packages\ipykernel_launcher.py,Fold-2,promb
d72d44c868ab48d38dc01e879f03da99,769694705593400528,FINISHED,mlflow-artifacts:/769694705593400528/d72d44c868ab48d38dc01e879f03da99/artifacts,2025-09-10 12:28:26.628000+00:00,2025-09-10 12:28:26.799000+00:00,inf,inf,-inf,,,,mini-batch,0.9,Ridge,xavier,500,0.01,50,0.1,0e4a81e6376f4b9ba601050cd42b8530,LOCAL,d:\AT82.03-ML-Car-Price-Prediction\.venv\Lib\site-packages\ipykernel_launcher.py,Fold-1,promb
617bbb0d93414cb6a4594ac376511306,769694705593400528,FINISHED,mlflow-artifacts:/769694705593400528/617bbb0d93414cb6a4594ac376511306/artifacts,2025-09-10 12:28:26.412000+00:00,2025-09-10 12:28:26.605000+00:00,inf,inf,-inf,,,,mini-batch,0.9,Ridge,xavier,500,0.01,50,0.1,0e4a81e6376f4b9ba601050cd42b8530,LOCAL,d:\AT82.03-ML-Car-Price-Prediction\.venv\Lib\site-packages\ipykernel_launcher.py,Fold-0,promb
0e4a81e6376f4b9ba601050cd42b8530,769694705593400528,FINISHED,mlflow-artifacts:/769694705593400528/0e4a81e6376f4b9ba601050cd42b8530/artifacts,2025-09-10 12:28:26.328000+00:00,2025-09-10 12:28:27.195000+00:00,,,,inf,-inf,inf,mini-batch,0.9,Ridge,xavier,500,0.01,50,0.1,,LOCAL,d:\AT82.03-ML-Car-Price-Prediction\.venv\Lib\site-packages\ipykernel_launcher.py,Reg-Ridge_TrainMethod-mini-batch_BatchSize-50_Momentum-0.9_WeightInit-xavier_LR-0.01,promb
acfcc1237c6442d48ee77590f3dd7f1e,769694705593400528,FINISHED,mlflow-artifacts:/769694705593400528/acfcc1237c6442d48ee77590f3dd7f1e/artifacts,2025-09-10 12:28:08.038000+00:00,2025-09-10 12:28:26.202000+00:00,17.87503687531024,13.820696348744534,-18.610683362667114,,,,mini-batch,0.9,Ridge,zero,500,0.0001,50,0.1,fa8ac5a0596540469fa2a85288acf5fc,LOCAL,d:\AT82.03-ML-Car-Price-Prediction\.venv\Lib\site-packages\ipykernel_launcher.py,Fold-2,promb
645c962e3aaf4b16abdf4195c44b3371,769694705593400528,FINISHED,mlflow-artifacts:/769694705593400528/645c962e3aaf4b16abdf4195c44b3371/artifacts,2025-09-10 12:27:48.711000+00:00,2025-09-10 12:28:08.015000+00:00,19.604027717279894,12.552370677795189,-16.461929140567236,,,,mini-batch,0.9,Ridge,zero,500,0.0001,50,0.1,fa8ac5a0596540469fa2a85288acf5fc,LOCAL,d:\AT82.03-ML-Car-Price-Prediction\.venv\Lib\site-packages\ipykernel_launcher.py,Fold-1,promb
11b375935ca943a1a9f31a34b0f50fea,769694705593400528,FINISHED,mlflow-artifacts:/769694705593400528/11b375935ca943a1a9f31a34b0f50fea/artifacts,2025-09-10 12:27:29.591000+00:00,2025-09-10 12:27:48.686000+00:00,9.88628312430723,13.18140764554966,-17.921149688523787,,,,mini-batch,0.9,Ridge,zero,500,0.0001,50,0.1,fa8ac5a0596540469fa2a85288acf5fc,LOCAL,d:\AT82.03-ML-Car-Price-Prediction\.venv\Lib\site-packages\ipykernel_launcher.py,Fold-0,promb
fa8ac5a0596540469fa2a85288acf5fc,769694705593400528,FINISHED,mlflow-artifacts:/769694705593400528/fa8ac5a0596540469fa2a85288acf5fc/artifacts,2025-09-10 12:27:29.498000+00:00,2025-09-10 12:28:26.304000+00:00,,,,15.788449238965788,-17.664587397252713,13.184824890696461,mini-batch,0.9,Ridge,zero,500,0.0001,50,0.1,,LOCAL,d:\AT82.03-ML-Car-Price-Prediction\.venv\Lib\site-packages\ipykernel_launcher.py,Reg-Ridge_TrainMethod-mini-batch_BatchSize-50_Momentum-0.9_WeightInit-zero_LR-0.0001,promb
b8eb65ca77b544218367680722006465,769694705593400528,FINISHED,mlflow-artifacts:/769694705593400528/b8eb65ca77b544218367680722006465/artifacts,2025-09-10 12:27:10.303000+00:00,2025-09-10 12:27:29.374000+00:00,1.6178413952909438,2.466096540574034,-2.499233119564145,,,,mini-batch,0.9,Ridge,zero,500,0.001,50,0.1,32aa3e071feb42be8767a9ca8519cd5f,LOCAL,d:\AT82.03-ML-Car-Price-Prediction\.venv\Lib\site-packages\ipykernel_launcher.py,Fold-2,promb
4b1491ce8af14832b38cc71079229860,769694705593400528,FINISHED,mlflow-artifacts:/769694705593400528/4b1491ce8af14832b38cc71079229860/artifacts,2025-09-10 12:26:52.144000+00:00,2025-09-10 12:27:10.276000+00:00,4.486413374888476,2.6361964702188256,-2.667281435928744,,,,mini-batch,0.9,Ridge,zero,500,0.001,50,0.1,32aa3e071feb42be8767a9ca8519cd5f,LOCAL,d:\AT82.03-ML-Car-Price-Prediction\.venv\Lib\site-packages\ipykernel_launcher.py,Fold-1,promb
dba351ee466a42e7ab280b1dac30cb6a,769694705593400528,FINISHED,mlflow-artifacts:/769694705593400528/dba351ee466a42e7ab280b1dac30cb6a/artifacts,2025-09-10 12:26:32.808000+00:00,2025-09-10 12:26:52.118000+00:00,0.9617504078195552,2.5948651884868728,-2.7247791717811065,,,,mini-batch,0.9,Ridge,zero,500,0.001,50,0.1,32aa3e071feb42be8767a9ca8519cd5f,LOCAL,d:\AT82.03-ML-Car-Price-Prediction\.venv\Lib\site-packages\ipykernel_launcher.py,Fold-0,promb
32aa3e071feb42be8767a9ca8519cd5f,769694705593400528,FINISHED,mlflow-artifacts:/769694705593400528/32aa3e071feb42be8767a9ca8519cd5f/artifacts,2025-09-10 12:26:32.718000+00:00,2025-09-10 12:27:29.477000+00:00,,,,2.3553350593329916,-2.630431242424665,2.5657193997599106,mini-batch,0.9,Ridge,zero,500,0.001,50,0.1,,LOCAL,d:\AT82.03-ML-Car-Price-Prediction\.venv\Lib\site-packages\ipykernel_launcher.py,Reg-Ridge_TrainMethod-mini-batch_BatchSize-50_Momentum-0.9_WeightInit-zero_LR-0.001,promb
3b8c9587dbb64ee59f6d65ada15d061f,769694705593400528,FINISHED,mlflow-artifacts:/769694705593400528/3b8c9587dbb64ee59f6d65ada15d061f/artifacts,2025-09-10 12:26:32.367000+00:00,2025-09-10 12:26:32.591000+00:00,inf,inf,-inf,,,,mini-batch,0.9,Ridge,zero,500,0.01,50,0.1,4596f11ff44740e6ac612d634c3ef90a,LOCAL,d:\AT82.03-ML-Car-Price-Prediction\.venv\Lib\site-packages\ipykernel_launcher.py,Fold-2,promb
9bd2587169424ad08642ae9ce5f31af1,769694705593400528,FINISHED,mlflow-artifacts:/769694705593400528/9bd2587169424ad08642ae9ce5f31af1/artifacts,2025-09-10 12:26:32.159000+00:00,2025-09-10 12:26:32.342000+00:00,inf,inf,-inf,,,,mini-batch,0.9,Ridge,zero,500,0.01,50,0.1,4596f11ff44740e6ac612d634c3ef90a,LOCAL,d:\AT82.03-ML-Car-Price-Prediction\.venv\Lib\site-packages\ipykernel_launcher.py,Fold-1,promb
82fbbad2bb044e8e806e3bfa668e0e30,769694705593400528,FINISHED,mlflow-artifacts:/769694705593400528/82fbbad2bb044e8e806e3bfa668e0e30/artifacts,2025-09-10 12:26:31.903000+00:00,2025-09-10 12:26:32.136000+00:00,inf,inf,-inf,,,,mini-batch,0.9,Ridge,zero,500,0.01,50,0.1,4596f11ff44740e6ac612d634c3ef90a,LOCAL,d:\AT82.03-ML-Car-Price-Prediction\.venv\Lib\site-packages\ipykernel_launcher.py,Fold-0,promb
4596f11ff44740e6ac612d634c3ef90a,769694705593400528,FINISHED,mlflow-artifacts:/769694705593400528/4596f11ff44740e6ac612d634c3ef90a/artifacts,2025-09-10 12:26:31.821000+00:00,2025-09-10 12:26:32.695000+00:00,,,,inf,-inf,inf,mini-batch,0.9,Ridge,zero,500,0.01,50,0.1,,LOCAL,d:\AT82.03-ML-Car-Price-Prediction\.venv\Lib\site-packages\ipykernel_launcher.py,Reg-Ridge_TrainMethod-mini-batch_BatchSize-50_Momentum-0.9_WeightInit-zero_LR-0.01,promb
a560e0e8c13c445e98574d7318b75207,769694705593400528,FINISHED,mlflow-artifacts:/769694705593400528/a560e0e8c13c445e98574d7318b75207/artifacts,2025-09-10 12:25:53.554000+00:00,2025-09-10 12:26:31.692000+00:00,0.1445091060349683,0.1579579909162867,0.775867722848586,,,,stochastic,0.9,Ridge,xavier,500,0.0001,None,0.1,bd5abd9be41c4282bcd368d3c69b6f79,LOCAL,d:\AT82.03-ML-Car-Price-Prediction\.venv\Lib\site-packages\ipykernel_launcher.py,Fold-2,promb
8fa0387b7d43424aa12e070672cb87ca,769694705593400528,FINISHED,mlflow-artifacts:/769694705593400528/8fa0387b7d43424aa12e070672cb87ca/artifacts,2025-09-10 12:25:15.488000+00:00,2025-09-10 12:25:53.529000+00:00,0.8299983895016555,0.1516111714826356,0.7890897583170171,,,,stochastic,0.9,Ridge,xavier,500,0.0001,None,0.1,bd5abd9be41c4282bcd368d3c69b6f79,LOCAL,d:\AT82.03-ML-Car-Price-Prediction\.venv\Lib\site-packages\ipykernel_launcher.py,Fold-1,promb
7fd10070a2e94f84863370b38c4f7e2c,769694705593400528,FINISHED,mlflow-artifacts:/769694705593400528/7fd10070a2e94f84863370b38c4f7e2c/artifacts,2025-09-10 12:24:36.532000+00:00,2025-09-10 12:25:15.464000+00:00,0.06062037303470461,0.17600006224615122,0.7473620714496865,,,,stochastic,0.9,Ridge,xavier,500,0.0001,None,0.1,bd5abd9be41c4282bcd368d3c69b6f79,LOCAL,d:\AT82.03-ML-Car-Price-Prediction\.venv\Lib\site-packages\ipykernel_launcher.py,Fold-0,promb
bd5abd9be41c4282bcd368d3c69b6f79,769694705593400528,FINISHED,mlflow-artifacts:/769694705593400528/bd5abd9be41c4282bcd368d3c69b6f79/artifacts,2025-09-10 12:24:36.445000+00:00,2025-09-10 12:26:31.799000+00:00,,,,0.34504262285710946,0.7707731842050966,0.1618564082150245,stochastic,0.9,Ridge,xavier,500,0.0001,None,0.1,,LOCAL,d:\AT82.03-ML-Car-Price-Prediction\.venv\Lib\site-packages\ipykernel_launcher.py,Reg-Ridge_TrainMethod-stochastic_Momentum-0.9_WeightInit-xavier_LR-0.0001,promb
db08647249fe41cb9941855bd08753e2,769694705593400528,FINISHED,mlflow-artifacts:/769694705593400528/db08647249fe41cb9941855bd08753e2/artifacts,2025-09-10 12:23:57.203000+00:00,2025-09-10 12:24:36.316000+00:00,0.000456664355990655,0.11377811119797976,0.8385561439161061,,,,stochastic,0.9,Ridge,xavier,500,0.001,None,0.1,72d3df254a9c4230900b9a922732157d,LOCAL,d:\AT82.03-ML-Car-Price-Prediction\.venv\Lib\site-packages\ipykernel_launcher.py,Fold-2,promb
025e6aa51abb4ebe998d37dd541becbf,769694705593400528,FINISHED,mlflow-artifacts:/769694705593400528/025e6aa51abb4ebe998d37dd541becbf/artifacts,2025-09-10 12:23:26.611000+00:00,2025-09-10 12:23:57.178000+00:00,0.02496545660388075,0.09114434927555479,0.8732067264848807,,,,stochastic,0.9,Ridge,xavier,500,0.001,None,0.1,72d3df254a9c4230900b9a922732157d,LOCAL,d:\AT82.03-ML-Car-Price-Prediction\.venv\Lib\site-packages\ipykernel_launcher.py,Fold-1,promb
01a6f19833464dad80bbfe2aa69eebd8,769694705593400528,FINISHED,mlflow-artifacts:/769694705593400528/01a6f19833464dad80bbfe2aa69eebd8/artifacts,2025-09-10 12:22:47.680000+00:00,2025-09-10 12:23:26.586000+00:00,0.030186863675414878,0.13543162996788405,0.8055957138956807,,,,stochastic,0.9,Ridge,xavier,500,0.001,None,0.1,72d3df254a9c4230900b9a922732157d,LOCAL,d:\AT82.03-ML-Car-Price-Prediction\.venv\Lib\site-packages\ipykernel_launcher.py,Fold-0,promb
72d3df254a9c4230900b9a922732157d,769694705593400528,FINISHED,mlflow-artifacts:/769694705593400528/72d3df254a9c4230900b9a922732157d/artifacts,2025-09-10 12:22:47.598000+00:00,2025-09-10 12:24:36.423000+00:00,,,,0.018536328211762095,0.8391195280988892,0.11345136348047287,stochastic,0.9,Ridge,xavier,500,0.001,None,0.1,,LOCAL,d:\AT82.03-ML-Car-Price-Prediction\.venv\Lib\site-packages\ipykernel_launcher.py,Reg-Ridge_TrainMethod-stochastic_Momentum-0.9_WeightInit-xavier_LR-0.001,promb
7027d17becb343cbb882ba8b9b9fdcc7,769694705593400528,FINISHED,mlflow-artifacts:/769694705593400528/7027d17becb343cbb882ba8b9b9fdcc7/artifacts,2025-09-10 12:22:08.782000+00:00,2025-09-10 12:22:47.440000+00:00,,,,,,,stochastic,0.9,Ridge,xavier,500,0.01,None,0.1,9f577bf965c647ab92ea4884f4a552ba,LOCAL,d:\AT82.03-ML-Car-Price-Prediction\.venv\Lib\site-packages\ipykernel_launcher.py,Fold-2,promb
d7b7b8d14b9c4e86a1b915f9536ce612,769694705593400528,FINISHED,mlflow-artifacts:/769694705593400528/d7b7b8d14b9c4e86a1b915f9536ce612/artifacts,2025-09-10 12:21:28.712000+00:00,2025-09-10 12:22:08.755000+00:00,,,,,,,stochastic,0.9,Ridge,xavier,500,0.01,None,0.1,9f577bf965c647ab92ea4884f4a552ba,LOCAL,d:\AT82.03-ML-Car-Price-Prediction\.venv\Lib\site-packages\ipykernel_launcher.py,Fold-1,promb
1286e255d18741cd8b0ee23b60cbe0e6,769694705593400528,FINISHED,mlflow-artifacts:/769694705593400528/1286e255d18741cd8b0ee23b60cbe0e6/artifacts,2025-09-10 12:20:49.108000+00:00,2025-09-10 12:21:28.687000+00:00,,,,,,,stochastic,0.9,Ridge,xavier,500,0.01,None,0.1,9f577bf965c647ab92ea4884f4a552ba,LOCAL,d:\AT82.03-ML-Car-Price-Prediction\.venv\Lib\site-packages\ipykernel_launcher.py,Fold-0,promb
9f577bf965c647ab92ea4884f4a552ba,769694705593400528,FINISHED,mlflow-artifacts:/769694705593400528/9f577bf965c647ab92ea4884f4a552ba/artifacts,2025-09-10 12:20:49.029000+00:00,2025-09-10 12:22:47.570000+00:00,,,,,,,stochastic,0.9,Ridge,xavier,500,0.01,None,0.1,,LOCAL,d:\AT82.03-ML-Car-Price-Prediction\.venv\Lib\site-packages\ipykernel_launcher.py,Reg-Ridge_TrainMethod-stochastic_Momentum-0.9_WeightInit-xavier_LR-0.01,promb
6a581750c5da4053a31e66c57e5f221f,769694705593400528,FINISHED,mlflow-artifacts:/769694705593400528/6a581750c5da4053a31e66c57e5f221f/artifacts,2025-09-10 12:20:11.333000+00:00,2025-09-10 12:20:48.905000+00:00,0.024105255927820028,0.16886037308620172,0.7603979404846595,,,,stochastic,0.9,Ridge,zero,500,0.0001,None,0.1,9a32660849944a9eb5114999c7dce2c1,LOCAL,d:\AT82.03-ML-Car-Price-Prediction\.venv\Lib\site-packages\ipykernel_launcher.py,Fold-2,promb
638886acd08a435cb9c967518a14662c,769694705593400528,FINISHED,mlflow-artifacts:/769694705593400528/638886acd08a435cb9c967518a14662c/artifacts,2025-09-10 12:19:32.388000+00:00,2025-09-10 12:20:11.308000+00:00,0.39570250429358045,0.15931866094449593,0.7783676693754632,,,,stochastic,0.9,Ridge,zero,500,0.0001,None,0.1,9a32660849944a9eb5114999c7dce2c1,LOCAL,d:\AT82.03-ML-Car-Price-Prediction\.venv\Lib\site-packages\ipykernel_launcher.py,Fold-1,promb
71ce586b0155443abc67be4dd900d87e,769694705593400528,FINISHED,mlflow-artifacts:/769694705593400528/71ce586b0155443abc67be4dd900d87e/artifacts,2025-09-10 12:18:53.379000+00:00,2025-09-10 12:19:32.362000+00:00,4.466474699228479e-05,0.1761568716992415,0.7471369805326706,,,,stochastic,0.9,Ridge,zero,500,0.0001,None,0.1,9a32660849944a9eb5114999c7dce2c1,LOCAL,d:\AT82.03-ML-Car-Price-Prediction\.venv\Lib\site-packages\ipykernel_launcher.py,Fold-0,promb
9a32660849944a9eb5114999c7dce2c1,769694705593400528,FINISHED,mlflow-artifacts:/769694705593400528/9a32660849944a9eb5114999c7dce2c1/artifacts,2025-09-10 12:18:53.300000+00:00,2025-09-10 12:20:49.007000+00:00,,,,0.13995080832279758,0.7619675301309311,0.16811196857664637,stochastic,0.9,Ridge,zero,500,0.0001,None,0.1,,LOCAL,d:\AT82.03-ML-Car-Price-Prediction\.venv\Lib\site-packages\ipykernel_launcher.py,Reg-Ridge_TrainMethod-stochastic_Momentum-0.9_WeightInit-zero_LR-0.0001,promb
de977cb691e44d798ed3a57b412d3312,769694705593400528,FINISHED,mlflow-artifacts:/769694705593400528/de977cb691e44d798ed3a57b412d3312/artifacts,2025-09-10 12:18:14.138000+00:00,2025-09-10 12:18:53.176000+00:00,0.35168864600027755,0.4844362137674142,0.312616024700878,,,,stochastic,0.9,Ridge,zero,500,0.001,None,0.1,07792e405bde4a5fb34242b76eae1f0d,LOCAL,d:\AT82.03-ML-Car-Price-Prediction\.venv\Lib\site-packages\ipykernel_launcher.py,Fold-2,promb
5427a894b1064d8ca06a68df8687c658,769694705593400528,FINISHED,mlflow-artifacts:/769694705593400528/5427a894b1064d8ca06a68df8687c658/artifacts,2025-09-10 12:17:35.863000+00:00,2025-09-10 12:18:14.113000+00:00,0.1344029541618459,0.1473518159415629,0.7950150585293717,,,,stochastic,0.9,Ridge,zero,500,0.001,None,0.1,07792e405bde4a5fb34242b76eae1f0d,LOCAL,d:\AT82.03-ML-Car-Price-Prediction\.venv\Lib\site-packages\ipykernel_launcher.py,Fold-1,promb
4e9a9d60ee8c4ffba3d85ce0c8d02b0f,769694705593400528,FINISHED,mlflow-artifacts:/769694705593400528/4e9a9d60ee8c4ffba3d85ce0c8d02b0f/artifacts,2025-09-10 12:16:54.202000+00:00,2025-09-10 12:17:35.828000+00:00,0.23629896477124118,0.21331482775000085,0.6937988798182618,,,,stochastic,0.9,Ridge,zero,500,0.001,None,0.1,07792e405bde4a5fb34242b76eae1f0d,LOCAL,d:\AT82.03-ML-Car-Price-Prediction\.venv\Lib\site-packages\ipykernel_launcher.py,Fold-0,promb
07792e405bde4a5fb34242b76eae1f0d,769694705593400528,FINISHED,mlflow-artifacts:/769694705593400528/07792e405bde4a5fb34242b76eae1f0d/artifacts,2025-09-10 12:16:54.123000+00:00,2025-09-10 12:18:53.278000+00:00,,,,0.24079685497778822,0.6004766543495038,0.281700952486326,stochastic,0.9,Ridge,zero,500,0.001,None,0.1,,LOCAL,d:\AT82.03-ML-Car-Price-Prediction\.venv\Lib\site-packages\ipykernel_launcher.py,Reg-Ridge_TrainMethod-stochastic_Momentum-0.9_WeightInit-zero_LR-0.001,promb
aa00a3f771ec4d539e7d7d1e718de731,769694705593400528,FINISHED,mlflow-artifacts:/769694705593400528/aa00a3f771ec4d539e7d7d1e718de731/artifacts,2025-09-10 12:16:14.264000+00:00,2025-09-10 12:16:54+00:00,,,,,,,stochastic,0.9,Ridge,zero,500,0.01,None,0.1,aaa35e63e4ff481eb850c19a8afcd026,LOCAL,d:\AT82.03-ML-Car-Price-Prediction\.venv\Lib\site-packages\ipykernel_launcher.py,Fold-2,promb
f8001f8681884a25a8818520d5688a8f,769694705593400528,FINISHED,mlflow-artifacts:/769694705593400528/f8001f8681884a25a8818520d5688a8f/artifacts,2025-09-10 12:15:34.127000+00:00,2025-09-10 12:16:14.240000+00:00,,,,,,,stochastic,0.9,Ridge,zero,500,0.01,None,0.1,aaa35e63e4ff481eb850c19a8afcd026,LOCAL,d:\AT82.03-ML-Car-Price-Prediction\.venv\Lib\site-packages\ipykernel_launcher.py,Fold-1,promb
41987cd0c9704033924d47102c0d3442,769694705593400528,FINISHED,mlflow-artifacts:/769694705593400528/41987cd0c9704033924d47102c0d3442/artifacts,2025-09-10 12:14:53.562000+00:00,2025-09-10 12:15:34.103000+00:00,,,,,,,stochastic,0.9,Ridge,zero,500,0.01,None,0.1,aaa35e63e4ff481eb850c19a8afcd026,LOCAL,d:\AT82.03-ML-Car-Price-Prediction\.venv\Lib\site-packages\ipykernel_launcher.py,Fold-0,promb
aaa35e63e4ff481eb850c19a8afcd026,769694705593400528,FINISHED,mlflow-artifacts:/769694705593400528/aaa35e63e4ff481eb850c19a8afcd026/artifacts,2025-09-10 12:14:53.478000+00:00,2025-09-10 12:16:54.100000+00:00,,,,,,,stochastic,0.9,Ridge,zero,500,0.01,None,0.1,,LOCAL,d:\AT82.03-ML-Car-Price-Prediction\.venv\Lib\site-packages\ipykernel_launcher.py,Reg-Ridge_TrainMethod-stochastic_Momentum-0.9_WeightInit-zero_LR-0.01,promb
e0f81d8b53e8449284c04eb9a86d18bd,769694705593400528,FINISHED,mlflow-artifacts:/769694705593400528/e0f81d8b53e8449284c04eb9a86d18bd/artifacts,2025-09-10 12:14:35.757000+00:00,2025-09-10 12:14:53.352000+00:00,24.27242447975459,25.885835183041223,-35.73034299743683,,,,batch,0.9,Ridge,xavier,500,0.0001,None,0.1,febf5d22622744168bf0383b0fe9a909,LOCAL,d:\AT82.03-ML-Car-Price-Prediction\.venv\Lib\site-packages\ipykernel_launcher.py,Fold-2,promb
fdf806213eef4ac2bc65e30bde902635,769694705593400528,FINISHED,mlflow-artifacts:/769694705593400528/fdf806213eef4ac2bc65e30bde902635/artifacts,2025-09-10 12:14:18.240000+00:00,2025-09-10 12:14:35.732000+00:00,25.133927401943485,23.846144641479988,-32.172991675735055,,,,batch,0.9,Ridge,xavier,500,0.0001,None,0.1,febf5d22622744168bf0383b0fe9a909,LOCAL,d:\AT82.03-ML-Car-Price-Prediction\.venv\Lib\site-packages\ipykernel_launcher.py,Fold-1,promb
453661bef71c48b4991610aceae557b8,769694705593400528,FINISHED,mlflow-artifacts:/769694705593400528/453661bef71c48b4991610aceae557b8/artifacts,2025-09-10 12:13:59.653000+00:00,2025-09-10 12:14:18.215000+00:00,24.861970243619364,24.543332551369215,-34.2305369462163,,,,batch,0.9,Ridge,xavier,500,0.0001,None,0.1,febf5d22622744168bf0383b0fe9a909,LOCAL,d:\AT82.03-ML-Car-Price-Prediction\.venv\Lib\site-packages\ipykernel_launcher.py,Fold-0,promb
febf5d22622744168bf0383b0fe9a909,769694705593400528,FINISHED,mlflow-artifacts:/769694705593400528/febf5d22622744168bf0383b0fe9a909/artifacts,2025-09-10 12:13:59.576000+00:00,2025-09-10 12:14:53.456000+00:00,,,,24.756107375105813,-34.04462387312939,24.75843745863014,batch,0.9,Ridge,xavier,500,0.0001,None,0.1,,LOCAL,d:\AT82.03-ML-Car-Price-Prediction\.venv\Lib\site-packages\ipykernel_launcher.py,Reg-Ridge_TrainMethod-batch_Momentum-0.9_WeightInit-xavier_LR-0.0001,promb
5a5c8fa7b3a14228a0202cea59fcdfa9,769694705593400528,FINISHED,mlflow-artifacts:/769694705593400528/5a5c8fa7b3a14228a0202cea59fcdfa9/artifacts,2025-09-10 12:13:41.862000+00:00,2025-09-10 12:13:59.426000+00:00,22.388366075809937,23.848427259241305,-32.83939158181885,,,,batch,0.9,Ridge,xavier,500,0.001,None,0.1,9b53e2c6c6a142bb8027dbc81e43256e,LOCAL,d:\AT82.03-ML-Car-Price-Prediction\.venv\Lib\site-packages\ipykernel_launcher.py,Fold-2,promb
70ab0d1ff48245b2a79fed75376c266b,769694705593400528,FINISHED,mlflow-artifacts:/769694705593400528/70ab0d1ff48245b2a79fed75376c266b/artifacts,2025-09-10 12:13:24.102000+00:00,2025-09-10 12:13:41.835000+00:00,23.28390218179826,22.06053894567495,-29.68898917664557,,,,batch,0.9,Ridge,xavier,500,0.001,None,0.1,9b53e2c6c6a142bb8027dbc81e43256e,LOCAL,d:\AT82.03-ML-Car-Price-Prediction\.venv\Lib\site-packages\ipykernel_launcher.py,Fold-1,promb
9e105a8101b340178729b09b47fb8fcc,769694705593400528,FINISHED,mlflow-artifacts:/769694705593400528/9e105a8101b340178729b09b47fb8fcc/artifacts,2025-09-10 12:13:05.208000+00:00,2025-09-10 12:13:24.078000+00:00,22.914346182088103,22.696442043147194,-31.579432246015266,,,,batch,0.9,Ridge,xavier,500,0.001,None,0.1,9b53e2c6c6a142bb8027dbc81e43256e,LOCAL,d:\AT82.03-ML-Car-Price-Prediction\.venv\Lib\site-packages\ipykernel_launcher.py,Fold-0,promb
9b53e2c6c6a142bb8027dbc81e43256e,769694705593400528,FINISHED,mlflow-artifacts:/769694705593400528/9b53e2c6c6a142bb8027dbc81e43256e/artifacts,2025-09-10 12:13:05.125000+00:00,2025-09-10 12:13:59.551000+00:00,,,,22.8622048132321,-31.369271001493228,22.868469416021146,batch,0.9,Ridge,xavier,500,0.001,None,0.1,,LOCAL,d:\AT82.03-ML-Car-Price-Prediction\.venv\Lib\site-packages\ipykernel_launcher.py,Reg-Ridge_TrainMethod-batch_Momentum-0.9_WeightInit-xavier_LR-0.001,promb
8cb3d6bfb5b6417ea81b8f1f01dbf314,769694705593400528,FINISHED,mlflow-artifacts:/769694705593400528/8cb3d6bfb5b6417ea81b8f1f01dbf314/artifacts,2025-09-10 12:12:58.833000+00:00,2025-09-10 12:13:04.999000+00:00,inf,inf,-inf,,,,batch,0.9,Ridge,xavier,500,0.01,None,0.1,588fbc568cb54e8f96baea293c73b2ce,LOCAL,d:\AT82.03-ML-Car-Price-Prediction\.venv\Lib\site-packages\ipykernel_launcher.py,Fold-2,promb
a64dc9275a444c46992ff5f333bc97b7,769694705593400528,FINISHED,mlflow-artifacts:/769694705593400528/a64dc9275a444c46992ff5f333bc97b7/artifacts,2025-09-10 12:12:52.520000+00:00,2025-09-10 12:12:58.808000+00:00,inf,inf,-inf,,,,batch,0.9,Ridge,xavier,500,0.01,None,0.1,588fbc568cb54e8f96baea293c73b2ce,LOCAL,d:\AT82.03-ML-Car-Price-Prediction\.venv\Lib\site-packages\ipykernel_launcher.py,Fold-1,promb
42e35cad865e4accae8fa0f870557f8a,769694705593400528,FINISHED,mlflow-artifacts:/769694705593400528/42e35cad865e4accae8fa0f870557f8a/artifacts,2025-09-10 12:12:45.309000+00:00,2025-09-10 12:12:52.497000+00:00,inf,inf,-inf,,,,batch,0.9,Ridge,xavier,500,0.01,None,0.1,588fbc568cb54e8f96baea293c73b2ce,LOCAL,d:\AT82.03-ML-Car-Price-Prediction\.venv\Lib\site-packages\ipykernel_launcher.py,Fold-0,promb
588fbc568cb54e8f96baea293c73b2ce,769694705593400528,FINISHED,mlflow-artifacts:/769694705593400528/588fbc568cb54e8f96baea293c73b2ce/artifacts,2025-09-10 12:12:45.214000+00:00,2025-09-10 12:13:05.104000+00:00,,,,inf,-inf,inf,batch,0.9,Ridge,xavier,500,0.01,None,0.1,,LOCAL,d:\AT82.03-ML-Car-Price-Prediction\.venv\Lib\site-packages\ipykernel_launcher.py,Reg-Ridge_TrainMethod-batch_Momentum-0.9_WeightInit-xavier_LR-0.01,promb
916d2eff044f4e498ad05106017ab20b,769694705593400528,FINISHED,mlflow-artifacts:/769694705593400528/916d2eff044f4e498ad05106017ab20b/artifacts,2025-09-10 12:12:27.405000+00:00,2025-09-10 12:12:45.079000+00:00,24.2618634844201,25.873075846518763,-35.71223831572284,,,,batch,0.9,Ridge,zero,500,0.0001,None,0.1,303ca6fbc78c4614a9d75e46f830db3e,LOCAL,d:\AT82.03-ML-Car-Price-Prediction\.venv\Lib\site-packages\ipykernel_launcher.py,Fold-2,promb
060bf5a847e84f9eaa5ac5b5640f5f7b,769694705593400528,FINISHED,mlflow-artifacts:/769694705593400528/060bf5a847e84f9eaa5ac5b5640f5f7b/artifacts,2025-09-10 12:12:09.546000+00:00,2025-09-10 12:12:27.378000+00:00,25.224409743331577,23.935244351296145,-32.29694059814914,,,,batch,0.9,Ridge,zero,500,0.0001,None,0.1,303ca6fbc78c4614a9d75e46f830db3e,LOCAL,d:\AT82.03-ML-Car-Price-Prediction\.venv\Lib\site-packages\ipykernel_launcher.py,Fold-1,promb
a1d5987edbaf4f1ab9e8f92abef373cf,769694705593400528,FINISHED,mlflow-artifacts:/769694705593400528/a1d5987edbaf4f1ab9e8f92abef373cf/artifacts,2025-09-10 12:11:51.475000+00:00,2025-09-10 12:12:09.523000+00:00,24.87783887159844,24.558376674273887,-34.25213191612135,,,,batch,0.9,Ridge,zero,500,0.0001,None,0.1,303ca6fbc78c4614a9d75e46f830db3e,LOCAL,d:\AT82.03-ML-Car-Price-Prediction\.venv\Lib\site-packages\ipykernel_launcher.py,Fold-0,promb
303ca6fbc78c4614a9d75e46f830db3e,769694705593400528,FINISHED,mlflow-artifacts:/769694705593400528/303ca6fbc78c4614a9d75e46f830db3e/artifacts,2025-09-10 12:11:51.389000+00:00,2025-09-10 12:12:45.190000+00:00,,,,24.78803736645004,-34.087103609997776,24.78889895736293,batch,0.9,Ridge,zero,500,0.0001,None,0.1,,LOCAL,d:\AT82.03-ML-Car-Price-Prediction\.venv\Lib\site-packages\ipykernel_launcher.py,Reg-Ridge_TrainMethod-batch_Momentum-0.9_WeightInit-zero_LR-0.0001,promb
895eb9c5591540228ab3a3181772e9df,769694705593400528,FINISHED,mlflow-artifacts:/769694705593400528/895eb9c5591540228ab3a3181772e9df/artifacts,2025-09-10 12:11:32.421000+00:00,2025-09-10 12:11:51.265000+00:00,22.414507266570936,23.877591887829592,-32.8807743227606,,,,batch,0.9,Ridge,zero,500,0.001,None,0.1,41d592e6e8104218af0c2beac0d1fe61,LOCAL,d:\AT82.03-ML-Car-Price-Prediction\.venv\Lib\site-packages\ipykernel_launcher.py,Fold-2,promb
39f0506798df48b5bc8c0f84f3734424,769694705593400528,FINISHED,mlflow-artifacts:/769694705593400528/39f0506798df48b5bc8c0f84f3734424/artifacts,2025-09-10 12:11:14.834000+00:00,2025-09-10 12:11:32.394000+00:00,23.238776352509124,22.0129451413353,-29.6227801982588,,,,batch,0.9,Ridge,zero,500,0.001,None,0.1,41d592e6e8104218af0c2beac0d1fe61,LOCAL,d:\AT82.03-ML-Car-Price-Prediction\.venv\Lib\site-packages\ipykernel_launcher.py,Fold-1,promb
806ae00ed9cb4ab4960b6380cdad83ac,769694705593400528,FINISHED,mlflow-artifacts:/769694705593400528/806ae00ed9cb4ab4960b6380cdad83ac/artifacts,2025-09-10 12:10:55.583000+00:00,2025-09-10 12:11:14.809000+00:00,22.91697744766722,22.69522501128352,-31.577685267036422,,,,batch,0.9,Ridge,zero,500,0.001,None,0.1,41d592e6e8104218af0c2beac0d1fe61,LOCAL,d:\AT82.03-ML-Car-Price-Prediction\.venv\Lib\site-packages\ipykernel_launcher.py,Fold-0,promb
41d592e6e8104218af0c2beac0d1fe61,769694705593400528,FINISHED,mlflow-artifacts:/769694705593400528/41d592e6e8104218af0c2beac0d1fe61/artifacts,2025-09-10 12:10:55.496000+00:00,2025-09-10 12:11:51.367000+00:00,,,,22.85675368891576,-31.360413262685274,22.86192068014947,batch,0.9,Ridge,zero,500,0.001,None,0.1,,LOCAL,d:\AT82.03-ML-Car-Price-Prediction\.venv\Lib\site-packages\ipykernel_launcher.py,Reg-Ridge_TrainMethod-batch_Momentum-0.9_WeightInit-zero_LR-0.001,promb
4feb705a9bf84452b8c56368861b192e,769694705593400528,FINISHED,mlflow-artifacts:/769694705593400528/4feb705a9bf84452b8c56368861b192e/artifacts,2025-09-10 12:10:48.074000+00:00,2025-09-10 12:10:55.367000+00:00,inf,inf,-inf,,,,batch,0.9,Ridge,zero,500,0.01,None,0.1,c0b8d5bcc7be4359a97f1f9ddcc81e7a,LOCAL,d:\AT82.03-ML-Car-Price-Prediction\.venv\Lib\site-packages\ipykernel_launcher.py,Fold-2,promb
0d1aa99976fe419ab71902a943330f72,769694705593400528,FINISHED,mlflow-artifacts:/769694705593400528/0d1aa99976fe419ab71902a943330f72/artifacts,2025-09-10 12:10:41.826000+00:00,2025-09-10 12:10:48.049000+00:00,inf,inf,-inf,,,,batch,0.9,Ridge,zero,500,0.01,None,0.1,c0b8d5bcc7be4359a97f1f9ddcc81e7a,LOCAL,d:\AT82.03-ML-Car-Price-Prediction\.venv\Lib\site-packages\ipykernel_launcher.py,Fold-1,promb
b40af70d8cfb4cfdb9c1cdd887f8c551,769694705593400528,FINISHED,mlflow-artifacts:/769694705593400528/b40af70d8cfb4cfdb9c1cdd887f8c551/artifacts,2025-09-10 12:10:34.485000+00:00,2025-09-10 12:10:41.802000+00:00,inf,inf,-inf,,,,batch,0.9,Ridge,zero,500,0.01,None,0.1,c0b8d5bcc7be4359a97f1f9ddcc81e7a,LOCAL,d:\AT82.03-ML-Car-Price-Prediction\.venv\Lib\site-packages\ipykernel_launcher.py,Fold-0,promb
c0b8d5bcc7be4359a97f1f9ddcc81e7a,769694705593400528,FINISHED,mlflow-artifacts:/769694705593400528/c0b8d5bcc7be4359a97f1f9ddcc81e7a/artifacts,2025-09-10 12:10:34.402000+00:00,2025-09-10 12:10:55.473000+00:00,,,,inf,-inf,inf,batch,0.9,Ridge,zero,500,0.01,None,0.1,,LOCAL,d:\AT82.03-ML-Car-Price-Prediction\.venv\Lib\site-packages\ipykernel_launcher.py,Reg-Ridge_TrainMethod-batch_Momentum-0.9_WeightInit-zero_LR-0.01,promb
dfe0501ca6594a5d96e9cb0d9ae57592,769694705593400528,FINISHED,mlflow-artifacts:/769694705593400528/dfe0501ca6594a5d96e9cb0d9ae57592/artifacts,2025-09-10 12:10:15.346000+00:00,2025-09-10 12:10:34.271000+00:00,2.508255773673837,2.4599177168558297,-2.490465764256289,,,,mini-batch,0,Ridge,xavier,500,0.0001,50,0.1,cf25c8eac8f24e72852c09a3b48ae66b,LOCAL,d:\AT82.03-ML-Car-Price-Prediction\.venv\Lib\site-packages\ipykernel_launcher.py,Fold-2,promb
34839925446c460cb5d41942216aceb8,769694705593400528,FINISHED,mlflow-artifacts:/769694705593400528/34839925446c460cb5d41942216aceb8/artifacts,2025-09-10 12:09:56.871000+00:00,2025-09-10 12:10:15.311000+00:00,2.577768145861001,2.6338717002563583,-2.6640473880030773,,,,mini-batch,0,Ridge,xavier,500,0.0001,50,0.1,cf25c8eac8f24e72852c09a3b48ae66b,LOCAL,d:\AT82.03-ML-Car-Price-Prediction\.venv\Lib\site-packages\ipykernel_launcher.py,Fold-1,promb
9dc1d0ed574d4d4c8e88f5d177720b11,769694705593400528,FINISHED,mlflow-artifacts:/769694705593400528/9dc1d0ed574d4d4c8e88f5d177720b11/artifacts,2025-09-10 12:09:44.229000+00:00,2025-09-10 12:09:56.845000+00:00,3.352533127977296,3.3380899672569764,-3.791635433985923,,,,mini-batch,0,Ridge,xavier,500,0.0001,50,0.1,cf25c8eac8f24e72852c09a3b48ae66b,LOCAL,d:\AT82.03-ML-Car-Price-Prediction\.venv\Lib\site-packages\ipykernel_launcher.py,Fold-0,promb
cf25c8eac8f24e72852c09a3b48ae66b,769694705593400528,FINISHED,mlflow-artifacts:/769694705593400528/cf25c8eac8f24e72852c09a3b48ae66b/artifacts,2025-09-10 12:09:44.140000+00:00,2025-09-10 12:10:34.379000+00:00,,,,2.8128523491707114,-2.98204952874843,2.8106264614563883,mini-batch,0,Ridge,xavier,500,0.0001,50,0.1,,LOCAL,d:\AT82.03-ML-Car-Price-Prediction\.venv\Lib\site-packages\ipykernel_launcher.py,Reg-Ridge_TrainMethod-mini-batch_BatchSize-50_Momentum-0_WeightInit-xavier_LR-0.0001,promb
86ec1821fcc04def9b4b2c76075433cf,769694705593400528,FINISHED,mlflow-artifacts:/769694705593400528/86ec1821fcc04def9b4b2c76075433cf/artifacts,2025-09-10 12:09:25.940000+00:00,2025-09-10 12:09:44.013000+00:00,0.08255018534669009,0.12219119791041706,0.8266185124497106,,,,mini-batch,0,Ridge,xavier,500,0.001,50,0.1,c6df0bc311c14f96b272db2035bc7e71,LOCAL,d:\AT82.03-ML-Car-Price-Prediction\.venv\Lib\site-packages\ipykernel_launcher.py,Fold-2,promb
6d6685e4cb1c46c88961152cf2880496,769694705593400528,FINISHED,mlflow-artifacts:/769694705593400528/6d6685e4cb1c46c88961152cf2880496/artifacts,2025-09-10 12:09:07.933000+00:00,2025-09-10 12:09:25.914000+00:00,0.16997264808705953,0.1198989319193272,0.8332054791125132,,,,mini-batch,0,Ridge,xavier,500,0.001,50,0.1,c6df0bc311c14f96b272db2035bc7e71,LOCAL,d:\AT82.03-ML-Car-Price-Prediction\.venv\Lib\site-packages\ipykernel_launcher.py,Fold-1,promb
950848ebff7048858dcc234313df5726,769694705593400528,FINISHED,mlflow-artifacts:/769694705593400528/950848ebff7048858dcc234313df5726/artifacts,2025-09-10 12:08:49.960000+00:00,2025-09-10 12:09:07.908000+00:00,0.08737752581116162,0.1355828010587688,0.8053787165220979,,,,mini-batch,0,Ridge,xavier,500,0.001,50,0.1,c6df0bc311c14f96b272db2035bc7e71,LOCAL,d:\AT82.03-ML-Car-Price-Prediction\.venv\Lib\site-packages\ipykernel_launcher.py,Fold-0,promb
c6df0bc311c14f96b272db2035bc7e71,769694705593400528,FINISHED,mlflow-artifacts:/769694705593400528/c6df0bc311c14f96b272db2035bc7e71/artifacts,2025-09-10 12:08:49.875000+00:00,2025-09-10 12:09:44.118000+00:00,,,,0.11330011974830374,0.8217342360281071,0.1258909769628377,mini-batch,0,Ridge,xavier,500,0.001,50,0.1,,LOCAL,d:\AT82.03-ML-Car-Price-Prediction\.venv\Lib\site-packages\ipykernel_launcher.py,Reg-Ridge_TrainMethod-mini-batch_BatchSize-50_Momentum-0_WeightInit-xavier_LR-0.001,promb
391a3553573e49f890ed652e8c3d42c3,769694705593400528,FINISHED,mlflow-artifacts:/769694705593400528/391a3553573e49f890ed652e8c3d42c3/artifacts,2025-09-10 12:08:49.560000+00:00,2025-09-10 12:08:49.748000+00:00,inf,inf,-inf,,,,mini-batch,0,Ridge,xavier,500,0.01,50,0.1,3a5ab6d96a884d3f826720b322292756,LOCAL,d:\AT82.03-ML-Car-Price-Prediction\.venv\Lib\site-packages\ipykernel_launcher.py,Fold-2,promb
b6190e31995b4d16ac41980a5ebf6d5e,769694705593400528,FINISHED,mlflow-artifacts:/769694705593400528/b6190e31995b4d16ac41980a5ebf6d5e/artifacts,2025-09-10 12:08:49.347000+00:00,2025-09-10 12:08:49.537000+00:00,inf,inf,-inf,,,,mini-batch,0,Ridge,xavier,500,0.01,50,0.1,3a5ab6d96a884d3f826720b322292756,LOCAL,d:\AT82.03-ML-Car-Price-Prediction\.venv\Lib\site-packages\ipykernel_launcher.py,Fold-1,promb
790f811d37c74eb4bf218fac3c125e16,769694705593400528,FINISHED,mlflow-artifacts:/769694705593400528/790f811d37c74eb4bf218fac3c125e16/artifacts,2025-09-10 12:08:49.144000+00:00,2025-09-10 12:08:49.323000+00:00,inf,inf,-inf,,,,mini-batch,0,Ridge,xavier,500,0.01,50,0.1,3a5ab6d96a884d3f826720b322292756,LOCAL,d:\AT82.03-ML-Car-Price-Prediction\.venv\Lib\site-packages\ipykernel_launcher.py,Fold-0,promb
3a5ab6d96a884d3f826720b322292756,769694705593400528,FINISHED,mlflow-artifacts:/769694705593400528/3a5ab6d96a884d3f826720b322292756/artifacts,2025-09-10 12:08:49.055000+00:00,2025-09-10 12:08:49.851000+00:00,,,,inf,-inf,inf,mini-batch,0,Ridge,xavier,500,0.01,50,0.1,,LOCAL,d:\AT82.03-ML-Car-Price-Prediction\.venv\Lib\site-packages\ipykernel_launcher.py,Reg-Ridge_TrainMethod-mini-batch_BatchSize-50_Momentum-0_WeightInit-xavier_LR-0.01,promb
65b37d304c1f465e90eb28a02b819d3d,769694705593400528,FINISHED,mlflow-artifacts:/769694705593400528/65b37d304c1f465e90eb28a02b819d3d/artifacts,2025-09-10 12:08:29.703000+00:00,2025-09-10 12:08:48.923000+00:00,0.9302182943160152,2.4574262859213825,-2.486930583253644,,,,mini-batch,0,Ridge,zero,500,0.0001,50,0.1,7589ba22b2a5463abad246ad2f71919f,LOCAL,d:\AT82.03-ML-Car-Price-Prediction\.venv\Lib\site-packages\ipykernel_launcher.py,Fold-2,promb
dafd61056f4e4f359c79be1d724e6419,769694705593400528,FINISHED,mlflow-artifacts:/769694705593400528/dafd61056f4e4f359c79be1d724e6419/artifacts,2025-09-10 12:08:10.465000+00:00,2025-09-10 12:08:29.677000+00:00,1.8155333384453376,2.636006564741032,-2.6670172534821157,,,,mini-batch,0,Ridge,zero,500,0.0001,50,0.1,7589ba22b2a5463abad246ad2f71919f,LOCAL,d:\AT82.03-ML-Car-Price-Prediction\.venv\Lib\site-packages\ipykernel_launcher.py,Fold-1,promb
9c139bd616df42168e92c97bb91eb663,769694705593400528,FINISHED,mlflow-artifacts:/769694705593400528/9c139bd616df42168e92c97bb91eb663/artifacts,2025-09-10 12:07:52.382000+00:00,2025-09-10 12:08:10.441000+00:00,3.6802319075800463,2.549515162465646,-2.6596818275672063,,,,mini-batch,0,Ridge,zero,500,0.0001,50,0.1,7589ba22b2a5463abad246ad2f71919f,LOCAL,d:\AT82.03-ML-Car-Price-Prediction\.venv\Lib\site-packages\ipykernel_launcher.py,Fold-0,promb
7589ba22b2a5463abad246ad2f71919f,769694705593400528,FINISHED,mlflow-artifacts:/769694705593400528/7589ba22b2a5463abad246ad2f71919f/artifacts,2025-09-10 12:07:52.296000+00:00,2025-09-10 12:08:49.030000+00:00,,,,2.1419945134471328,-2.6045432214343216,2.547649337709353,mini-batch,0,Ridge,zero,500,0.0001,50,0.1,,LOCAL,d:\AT82.03-ML-Car-Price-Prediction\.venv\Lib\site-packages\ipykernel_launcher.py,Reg-Ridge_TrainMethod-mini-batch_BatchSize-50_Momentum-0_WeightInit-zero_LR-0.0001,promb
b475a963f4044786a38dc1cccb3ea15d,769694705593400528,FINISHED,mlflow-artifacts:/769694705593400528/b475a963f4044786a38dc1cccb3ea15d/artifacts,2025-09-10 12:07:32.898000+00:00,2025-09-10 12:07:52.170000+00:00,0.10350165465020254,0.1171907332240247,0.8337138517261535,,,,mini-batch,0,Ridge,zero,500,0.001,50,0.1,01692705d7974e2ea59a7b7140db9dce,LOCAL,d:\AT82.03-ML-Car-Price-Prediction\.venv\Lib\site-packages\ipykernel_launcher.py,Fold-2,promb
113da6e5218941a791d3846e54e308dc,769694705593400528,FINISHED,mlflow-artifacts:/769694705593400528/113da6e5218941a791d3846e54e308dc/artifacts,2025-09-10 12:07:14.791000+00:00,2025-09-10 12:07:32.873000+00:00,0.04448068070406577,0.11774041810664246,0.8362082437864973,,,,mini-batch,0,Ridge,zero,500,0.001,50,0.1,01692705d7974e2ea59a7b7140db9dce,LOCAL,d:\AT82.03-ML-Car-Price-Prediction\.venv\Lib\site-packages\ipykernel_launcher.py,Fold-1,promb
075e7c16f1774675b4100b20f7f60295,769694705593400528,FINISHED,mlflow-artifacts:/769694705593400528/075e7c16f1774675b4100b20f7f60295/artifacts,2025-09-10 12:06:56.801000+00:00,2025-09-10 12:07:14.765000+00:00,0.06509457329391866,0.13639064306542334,0.8042191059597352,,,,mini-batch,0,Ridge,zero,500,0.001,50,0.1,01692705d7974e2ea59a7b7140db9dce,LOCAL,d:\AT82.03-ML-Car-Price-Prediction\.venv\Lib\site-packages\ipykernel_launcher.py,Fold-0,promb
01692705d7974e2ea59a7b7140db9dce,769694705593400528,FINISHED,mlflow-artifacts:/769694705593400528/01692705d7974e2ea59a7b7140db9dce/artifacts,2025-09-10 12:06:56.716000+00:00,2025-09-10 12:07:52.273000+00:00,,,,0.07102563621606232,0.8247137338241286,0.12377393146536349,mini-batch,0,Ridge,zero,500,0.001,50,0.1,,LOCAL,d:\AT82.03-ML-Car-Price-Prediction\.venv\Lib\site-packages\ipykernel_launcher.py,Reg-Ridge_TrainMethod-mini-batch_BatchSize-50_Momentum-0_WeightInit-zero_LR-0.001,promb
cc7f9df877b74ea0a2edcc84063710a0,769694705593400528,FINISHED,mlflow-artifacts:/769694705593400528/cc7f9df877b74ea0a2edcc84063710a0/artifacts,2025-09-10 12:06:56.398000+00:00,2025-09-10 12:06:56.584000+00:00,inf,inf,-inf,,,,mini-batch,0,Ridge,zero,500,0.01,50,0.1,8910d7bb3e6747e6a75facd527a5e0ec,LOCAL,d:\AT82.03-ML-Car-Price-Prediction\.venv\Lib\site-packages\ipykernel_launcher.py,Fold-2,promb
c338800b436c4a3db712eda0119413a9,769694705593400528,FINISHED,mlflow-artifacts:/769694705593400528/c338800b436c4a3db712eda0119413a9/artifacts,2025-09-10 12:06:56.178000+00:00,2025-09-10 12:06:56.373000+00:00,inf,inf,-inf,,,,mini-batch,0,Ridge,zero,500,0.01,50,0.1,8910d7bb3e6747e6a75facd527a5e0ec,LOCAL,d:\AT82.03-ML-Car-Price-Prediction\.venv\Lib\site-packages\ipykernel_launcher.py,Fold-1,promb
ef611e20a029413a97877ab7cc8be08f,769694705593400528,FINISHED,mlflow-artifacts:/769694705593400528/ef611e20a029413a97877ab7cc8be08f/artifacts,2025-09-10 12:06:55.938000+00:00,2025-09-10 12:06:56.155000+00:00,inf,inf,-inf,,,,mini-batch,0,Ridge,zero,500,0.01,50,0.1,8910d7bb3e6747e6a75facd527a5e0ec,LOCAL,d:\AT82.03-ML-Car-Price-Prediction\.venv\Lib\site-packages\ipykernel_launcher.py,Fold-0,promb
8910d7bb3e6747e6a75facd527a5e0ec,769694705593400528,FINISHED,mlflow-artifacts:/769694705593400528/8910d7bb3e6747e6a75facd527a5e0ec/artifacts,2025-09-10 12:06:55.855000+00:00,2025-09-10 12:06:56.691000+00:00,,,,inf,-inf,inf,mini-batch,0,Ridge,zero,500,0.01,50,0.1,,LOCAL,d:\AT82.03-ML-Car-Price-Prediction\.venv\Lib\site-packages\ipykernel_launcher.py,Reg-Ridge_TrainMethod-mini-batch_BatchSize-50_Momentum-0_WeightInit-zero_LR-0.01,promb
869f32cf39cf4547883fdca5abc39864,769694705593400528,FINISHED,mlflow-artifacts:/769694705593400528/869f32cf39cf4547883fdca5abc39864/artifacts,2025-09-10 12:06:15.561000+00:00,2025-09-10 12:06:55.725000+00:00,0.006675921815509741,0.0978329629850346,0.8611812884735488,,,,stochastic,0,Ridge,xavier,500,0.0001,None,0.1,68dddac15a064a53b7aa1c6c33f93b39,LOCAL,d:\AT82.03-ML-Car-Price-Prediction\.venv\Lib\site-packages\ipykernel_launcher.py,Fold-2,promb
9b3a0e0cd0454d089079b6abd9911994,769694705593400528,FINISHED,mlflow-artifacts:/769694705593400528/9b3a0e0cd0454d089079b6abd9911994/artifacts,2025-09-10 11:59:44.144000+00:00,2025-09-10 12:06:15.536000+00:00,0.4941269893163301,0.09124157412479329,0.8730714744698085,,,,stochastic,0,Ridge,xavier,500,0.0001,None,0.1,68dddac15a064a53b7aa1c6c33f93b39,LOCAL,d:\AT82.03-ML-Car-Price-Prediction\.venv\Lib\site-packages\ipykernel_launcher.py,Fold-1,promb
359df0dad3bc47cc9f68ac2ff99c3199,769694705593400528,FINISHED,mlflow-artifacts:/769694705593400528/359df0dad3bc47cc9f68ac2ff99c3199/artifacts,2025-09-10 11:58:39.072000+00:00,2025-09-10 11:59:44.106000+00:00,0.05249794177152423,0.11659517368690438,0.8326343594241103,,,,stochastic,0,Ridge,xavier,500,0.0001,None,0.1,68dddac15a064a53b7aa1c6c33f93b39,LOCAL,d:\AT82.03-ML-Car-Price-Prediction\.venv\Lib\site-packages\ipykernel_launcher.py,Fold-0,promb
68dddac15a064a53b7aa1c6c33f93b39,769694705593400528,FINISHED,mlflow-artifacts:/769694705593400528/68dddac15a064a53b7aa1c6c33f93b39/artifacts,2025-09-10 11:58:38.910000+00:00,2025-09-10 12:06:55.831000+00:00,,,,0.18443361763445468,0.8556290407891559,0.10188990359891076,stochastic,0,Ridge,xavier,500,0.0001,None,0.1,,LOCAL,d:\AT82.03-ML-Car-Price-Prediction\.venv\Lib\site-packages\ipykernel_launcher.py,Reg-Ridge_TrainMethod-stochastic_Momentum-0_WeightInit-xavier_LR-0.0001,promb
484b59c9527c42b0bb34af8082289bec,769694705593400528,FINISHED,mlflow-artifacts:/769694705593400528/484b59c9527c42b0bb34af8082289bec/artifacts,2025-09-10 11:57:32.606000+00:00,2025-09-10 11:58:38.700000+00:00,0.2758692338561935,0.23942043964589843,0.6602777230632972,,,,stochastic,0,Ridge,xavier,500,0.001,None,0.1,1c91b5a329e740ee8f164cca9947ffd3,LOCAL,d:\AT82.03-ML-Car-Price-Prediction\.venv\Lib\site-packages\ipykernel_launcher.py,Fold-2,promb
a61b56a6bb32414f9a83ec9df6e7a2d9,769694705593400528,FINISHED,mlflow-artifacts:/769694705593400528/a61b56a6bb32414f9a83ec9df6e7a2d9/artifacts,2025-09-10 11:56:27.115000+00:00,2025-09-10 11:57:32.566000+00:00,0.3364362534398015,0.3687181251853357,0.48706663146757445,,,,stochastic,0,Ridge,xavier,500,0.001,None,0.1,1c91b5a329e740ee8f164cca9947ffd3,LOCAL,d:\AT82.03-ML-Car-Price-Prediction\.venv\Lib\site-packages\ipykernel_launcher.py,Fold-1,promb
902a0342eae94331a1eb47fd25c9481f,769694705593400528,FINISHED,mlflow-artifacts:/769694705593400528/902a0342eae94331a1eb47fd25c9481f/artifacts,2025-09-10 11:55:19.948000+00:00,2025-09-10 11:56:27.080000+00:00,0.10851461863271075,0.22017202537327338,0.6839557685085578,,,,stochastic,0,Ridge,xavier,500,0.001,None,0.1,1c91b5a329e740ee8f164cca9947ffd3,LOCAL,d:\AT82.03-ML-Car-Price-Prediction\.venv\Lib\site-packages\ipykernel_launcher.py,Fold-0,promb
1c91b5a329e740ee8f164cca9947ffd3,769694705593400528,FINISHED,mlflow-artifacts:/769694705593400528/1c91b5a329e740ee8f164cca9947ffd3/artifacts,2025-09-10 11:55:19.792000+00:00,2025-09-10 11:58:38.873000+00:00,,,,0.24027336864290194,0.6104333743464765,0.2761035300681692,stochastic,0,Ridge,xavier,500,0.001,None,0.1,,LOCAL,d:\AT82.03-ML-Car-Price-Prediction\.venv\Lib\site-packages\ipykernel_launcher.py,Reg-Ridge_TrainMethod-stochastic_Momentum-0_WeightInit-xavier_LR-0.001,promb
220c62f0620e415e800c8bb27576f0ab,769694705593400528,FINISHED,mlflow-artifacts:/769694705593400528/220c62f0620e415e800c8bb27576f0ab/artifacts,2025-09-10 11:54:09.934000+00:00,2025-09-10 11:55:19.579000+00:00,,,,,,,stochastic,0,Ridge,xavier,500,0.01,None,0.1,40e160cdcc7e4aeda1bee209145f456a,LOCAL,d:\AT82.03-ML-Car-Price-Prediction\.venv\Lib\site-packages\ipykernel_launcher.py,Fold-2,promb
4cc2b1fcbdaa48e589a8f5eb31587572,769694705593400528,FINISHED,mlflow-artifacts:/769694705593400528/4cc2b1fcbdaa48e589a8f5eb31587572/artifacts,2025-09-10 11:53:01.299000+00:00,2025-09-10 11:54:09.893000+00:00,,,,,,,stochastic,0,Ridge,xavier,500,0.01,None,0.1,40e160cdcc7e4aeda1bee209145f456a,LOCAL,d:\AT82.03-ML-Car-Price-Prediction\.venv\Lib\site-packages\ipykernel_launcher.py,Fold-1,promb
544fbf1a5eff41d8b7adee6c0ad89a4e,769694705593400528,FINISHED,mlflow-artifacts:/769694705593400528/544fbf1a5eff41d8b7adee6c0ad89a4e/artifacts,2025-09-10 11:51:51.893000+00:00,2025-09-10 11:53:01.260000+00:00,,,,,,,stochastic,0,Ridge,xavier,500,0.01,None,0.1,40e160cdcc7e4aeda1bee209145f456a,LOCAL,d:\AT82.03-ML-Car-Price-Prediction\.venv\Lib\site-packages\ipykernel_launcher.py,Fold-0,promb
40e160cdcc7e4aeda1bee209145f456a,769694705593400528,FINISHED,mlflow-artifacts:/769694705593400528/40e160cdcc7e4aeda1bee209145f456a/artifacts,2025-09-10 11:51:51.737000+00:00,2025-09-10 11:55:19.751000+00:00,,,,,,,stochastic,0,Ridge,xavier,500,0.01,None,0.1,,LOCAL,d:\AT82.03-ML-Car-Price-Prediction\.venv\Lib\site-packages\ipykernel_launcher.py,Reg-Ridge_TrainMethod-stochastic_Momentum-0_WeightInit-xavier_LR-0.01,promb
612381c2c62d44b3b4d7b7033fb2eaae,769694705593400528,FINISHED,mlflow-artifacts:/769694705593400528/612381c2c62d44b3b4d7b7033fb2eaae/artifacts,2025-09-10 11:50:50.322000+00:00,2025-09-10 11:51:51.487000+00:00,0.007097321444748584,0.15766884016153684,0.7762780092590815,,,,stochastic,0,Ridge,zero,500,0.0001,None,0.1,a084ce24ef8248bea803b1a9fd36ee69,LOCAL,d:\AT82.03-ML-Car-Price-Prediction\.venv\Lib\site-packages\ipykernel_launcher.py,Fold-2,promb
877dfca397024dd3986f77000d48202f,769694705593400528,FINISHED,mlflow-artifacts:/769694705593400528/877dfca397024dd3986f77000d48202f/artifacts,2025-09-10 11:50:02.548000+00:00,2025-09-10 11:50:50.292000+00:00,0.10754841163300903,0.09230630966003943,0.871590293189622,,,,stochastic,0,Ridge,zero,500,0.0001,None,0.1,a084ce24ef8248bea803b1a9fd36ee69,LOCAL,d:\AT82.03-ML-Car-Price-Prediction\.venv\Lib\site-packages\ipykernel_launcher.py,Fold-1,promb
7974ce74c0be4968a25e4644350acadb,769694705593400528,FINISHED,mlflow-artifacts:/769694705593400528/7974ce74c0be4968a25e4644350acadb/artifacts,2025-09-10 10:39:02.904000+00:00,2025-09-10 11:50:02.512000+00:00,0.16534662985337445,0.1095510826786754,0.842745745398224,,,,stochastic,0,Ridge,zero,500,0.0001,None,0.1,a084ce24ef8248bea803b1a9fd36ee69,LOCAL,d:\AT82.03-ML-Car-Price-Prediction\.venv\Lib\site-packages\ipykernel_launcher.py,Fold-0,promb
a084ce24ef8248bea803b1a9fd36ee69,769694705593400528,FINISHED,mlflow-artifacts:/769694705593400528/a084ce24ef8248bea803b1a9fd36ee69/artifacts,2025-09-10 10:39:02.823000+00:00,2025-09-10 11:51:51.675000+00:00,,,,0.09333078764371068,0.8302046826156425,0.1198420775000839,stochastic,0,Ridge,zero,500,0.0001,None,0.1,,LOCAL,d:\AT82.03-ML-Car-Price-Prediction\.venv\Lib\site-packages\ipykernel_launcher.py,Reg-Ridge_TrainMethod-stochastic_Momentum-0_WeightInit-zero_LR-0.0001,promb
470eddb3d40a4e0c83acc66ac3d36c13,769694705593400528,FINISHED,mlflow-artifacts:/769694705593400528/470eddb3d40a4e0c83acc66ac3d36c13/artifacts,2025-09-10 10:38:23.825000+00:00,2025-09-10 10:39:02.691000+00:00,0.20627238783764668,0.21077217857909558,0.700927771548237,,,,stochastic,0,Ridge,zero,500,0.001,None,0.1,d8eb4fba18874d41a2c661e7b5313f22,LOCAL,d:\AT82.03-ML-Car-Price-Prediction\.venv\Lib\site-packages\ipykernel_launcher.py,Fold-2,promb
5c9816ccc52c4806b3d24f20e0dab5bf,769694705593400528,FINISHED,mlflow-artifacts:/769694705593400528/5c9816ccc52c4806b3d24f20e0dab5bf/artifacts,2025-09-10 10:37:44.850000+00:00,2025-09-10 10:38:23.789000+00:00,0.03139633477052898,0.16707278092277136,0.7675807115103943,,,,stochastic,0,Ridge,zero,500,0.001,None,0.1,d8eb4fba18874d41a2c661e7b5313f22,LOCAL,d:\AT82.03-ML-Car-Price-Prediction\.venv\Lib\site-packages\ipykernel_launcher.py,Fold-1,promb
65a1853dddda4bc79d4422a08bf3b491,769694705593400528,FINISHED,mlflow-artifacts:/769694705593400528/65a1853dddda4bc79d4422a08bf3b491/artifacts,2025-09-10 10:37:04.624000+00:00,2025-09-10 10:37:44.802000+00:00,0.36257771330939115,0.10926883815035544,0.8431508911241368,,,,stochastic,0,Ridge,zero,500,0.001,None,0.1,d8eb4fba18874d41a2c661e7b5313f22,LOCAL,d:\AT82.03-ML-Car-Price-Prediction\.venv\Lib\site-packages\ipykernel_launcher.py,Fold-0,promb
d8eb4fba18874d41a2c661e7b5313f22,769694705593400528,FINISHED,mlflow-artifacts:/769694705593400528/d8eb4fba18874d41a2c661e7b5313f22/artifacts,2025-09-10 10:37:04.548000+00:00,2025-09-10 10:39:02.798000+00:00,,,,0.20008214530585558,0.7705531247275893,0.16237126588407413,stochastic,0,Ridge,zero,500,0.001,None,0.1,,LOCAL,d:\AT82.03-ML-Car-Price-Prediction\.venv\Lib\site-packages\ipykernel_launcher.py,Reg-Ridge_TrainMethod-stochastic_Momentum-0_WeightInit-zero_LR-0.001,promb
6d6f1296b26e42de939ada7132fd5c6c,769694705593400528,FINISHED,mlflow-artifacts:/769694705593400528/6d6f1296b26e42de939ada7132fd5c6c/artifacts,2025-09-10 10:36:25.837000+00:00,2025-09-10 10:37:04.422000+00:00,,,,,,,stochastic,0,Ridge,zero,500,0.01,None,0.1,19f6c1635de840ffbfe6764ce98c90d1,LOCAL,d:\AT82.03-ML-Car-Price-Prediction\.venv\Lib\site-packages\ipykernel_launcher.py,Fold-2,promb
35956d01612c4ec595e73280528f72ea,769694705593400528,FINISHED,mlflow-artifacts:/769694705593400528/35956d01612c4ec595e73280528f72ea/artifacts,2025-09-10 10:35:47.324000+00:00,2025-09-10 10:36:25.789000+00:00,,,,,,,stochastic,0,Ridge,zero,500,0.01,None,0.1,19f6c1635de840ffbfe6764ce98c90d1,LOCAL,d:\AT82.03-ML-Car-Price-Prediction\.venv\Lib\site-packages\ipykernel_launcher.py,Fold-1,promb
156ffdc6b71342fc8659f247d3828eb7,769694705593400528,FINISHED,mlflow-artifacts:/769694705593400528/156ffdc6b71342fc8659f247d3828eb7/artifacts,2025-09-10 10:35:08.299000+00:00,2025-09-10 10:35:47.299000+00:00,,,,,,,stochastic,0,Ridge,zero,500,0.01,None,0.1,19f6c1635de840ffbfe6764ce98c90d1,LOCAL,d:\AT82.03-ML-Car-Price-Prediction\.venv\Lib\site-packages\ipykernel_launcher.py,Fold-0,promb
19f6c1635de840ffbfe6764ce98c90d1,769694705593400528,FINISHED,mlflow-artifacts:/769694705593400528/19f6c1635de840ffbfe6764ce98c90d1/artifacts,2025-09-10 10:35:08.212000+00:00,2025-09-10 10:37:04.527000+00:00,,,,,,,stochastic,0,Ridge,zero,500,0.01,None,0.1,,LOCAL,d:\AT82.03-ML-Car-Price-Prediction\.venv\Lib\site-packages\ipykernel_launcher.py,Reg-Ridge_TrainMethod-stochastic_Momentum-0_WeightInit-zero_LR-0.01,promb
1ca7cac350e24dc193aa1801b4e87682,769694705593400528,FINISHED,mlflow-artifacts:/769694705593400528/1ca7cac350e24dc193aa1801b4e87682/artifacts,2025-09-10 10:34:50.287000+00:00,2025-09-10 10:35:08.078000+00:00,22.450472045512676,23.913041705016617,-32.93107534396655,,,,batch,0,Ridge,xavier,500,0.0001,None,0.1,e02ed45edc6b461ab96e3c4fe8de963f,LOCAL,d:\AT82.03-ML-Car-Price-Prediction\.venv\Lib\site-packages\ipykernel_launcher.py,Fold-2,promb
ebd49cdc90df438ba91c221eac9ca258,769694705593400528,FINISHED,mlflow-artifacts:/769694705593400528/ebd49cdc90df438ba91c221eac9ca258/artifacts,2025-09-10 10:34:30.236000+00:00,2025-09-10 10:34:50.261000+00:00,23.17472474703187,21.953452160095708,-29.540017965575167,,,,batch,0,Ridge,xavier,500,0.0001,None,0.1,e02ed45edc6b461ab96e3c4fe8de963f,LOCAL,d:\AT82.03-ML-Car-Price-Prediction\.venv\Lib\site-packages\ipykernel_launcher.py,Fold-1,promb
6b79e2854d7640309cb6a67b4f113b71,769694705593400528,FINISHED,mlflow-artifacts:/769694705593400528/6b79e2854d7640309cb6a67b4f113b71/artifacts,2025-09-10 10:34:04.624000+00:00,2025-09-10 10:34:30.202000+00:00,22.897987860968524,22.677941969377397,-31.552876458161663,,,,batch,0,Ridge,xavier,500,0.0001,None,0.1,e02ed45edc6b461ab96e3c4fe8de963f,LOCAL,d:\AT82.03-ML-Car-Price-Prediction\.venv\Lib\site-packages\ipykernel_launcher.py,Fold-0,promb
e02ed45edc6b461ab96e3c4fe8de963f,769694705593400528,FINISHED,mlflow-artifacts:/769694705593400528/e02ed45edc6b461ab96e3c4fe8de963f/artifacts,2025-09-10 10:34:04.533000+00:00,2025-09-10 10:35:08.188000+00:00,,,,22.841061551171023,-31.341323255901127,22.84814527816324,batch,0,Ridge,xavier,500,0.0001,None,0.1,,LOCAL,d:\AT82.03-ML-Car-Price-Prediction\.venv\Lib\site-packages\ipykernel_launcher.py,Reg-Ridge_TrainMethod-batch_Momentum-0_WeightInit-xavier_LR-0.0001,promb
209ae0a5ec584704b344b5ba79196506,769694705593400528,FINISHED,mlflow-artifacts:/769694705593400528/209ae0a5ec584704b344b5ba79196506/artifacts,2025-09-10 10:33:39.409000+00:00,2025-09-10 10:34:04.393000+00:00,12.00618193944799,12.638101842686769,-16.93265746443983,,,,batch,0,Ridge,xavier,500,0.001,None,0.1,e73248f92e2d433a93d943ab459e3cdc,LOCAL,d:\AT82.03-ML-Car-Price-Prediction\.venv\Lib\site-packages\ipykernel_launcher.py,Fold-2,promb
10ea430592ff40f1b727a61b402e1f8b,769694705593400528,FINISHED,mlflow-artifacts:/769694705593400528/10ea430592ff40f1b727a61b402e1f8b/artifacts,2025-09-10 10:33:22.120000+00:00,2025-09-10 10:33:39.362000+00:00,12.100162608092845,11.494801288662538,-14.990716872518515,,,,batch,0,Ridge,xavier,500,0.001,None,0.1,e73248f92e2d433a93d943ab459e3cdc,LOCAL,d:\AT82.03-ML-Car-Price-Prediction\.venv\Lib\site-packages\ipykernel_launcher.py,Fold-1,promb
549e4daf1117439f85ae1f7abb040792,769694705593400528,FINISHED,mlflow-artifacts:/769694705593400528/549e4daf1117439f85ae1f7abb040792/artifacts,2025-09-10 10:33:04.574000+00:00,2025-09-10 10:33:22.094000+00:00,11.9782849164734,12.094312828611846,-16.36068783877261,,,,batch,0,Ridge,xavier,500,0.001,None,0.1,e73248f92e2d433a93d943ab459e3cdc,LOCAL,d:\AT82.03-ML-Car-Price-Prediction\.venv\Lib\site-packages\ipykernel_launcher.py,Fold-0,promb
e73248f92e2d433a93d943ab459e3cdc,769694705593400528,FINISHED,mlflow-artifacts:/769694705593400528/e73248f92e2d433a93d943ab459e3cdc/artifacts,2025-09-10 10:33:04.496000+00:00,2025-09-10 10:34:04.507000+00:00,,,,12.028209821338079,-16.094687391910316,12.075738653320386,batch,0,Ridge,xavier,500,0.001,None,0.1,,LOCAL,d:\AT82.03-ML-Car-Price-Prediction\.venv\Lib\site-packages\ipykernel_launcher.py,Reg-Ridge_TrainMethod-batch_Momentum-0_WeightInit-xavier_LR-0.001,promb
7bbb46f04a5540f296063d476be3403e,769694705593400528,FINISHED,mlflow-artifacts:/769694705593400528/7bbb46f04a5540f296063d476be3403e/artifacts,2025-09-10 10:32:57.924000+00:00,2025-09-10 10:33:04.379000+00:00,inf,inf,-inf,,,,batch,0,Ridge,xavier,500,0.01,None,0.1,13d2c9d5c4e746fe9ae3e43c99e16d49,LOCAL,d:\AT82.03-ML-Car-Price-Prediction\.venv\Lib\site-packages\ipykernel_launcher.py,Fold-2,promb
210898691f2f4b508e5a2911a10fcf3d,769694705593400528,FINISHED,mlflow-artifacts:/769694705593400528/210898691f2f4b508e5a2911a10fcf3d/artifacts,2025-09-10 10:32:51.528000+00:00,2025-09-10 10:32:57.900000+00:00,inf,inf,-inf,,,,batch,0,Ridge,xavier,500,0.01,None,0.1,13d2c9d5c4e746fe9ae3e43c99e16d49,LOCAL,d:\AT82.03-ML-Car-Price-Prediction\.venv\Lib\site-packages\ipykernel_launcher.py,Fold-1,promb
9d1124d89bca43b28eb37b14e30cf955,769694705593400528,FINISHED,mlflow-artifacts:/769694705593400528/9d1124d89bca43b28eb37b14e30cf955/artifacts,2025-09-10 10:32:45.075000+00:00,2025-09-10 10:32:51.505000+00:00,inf,inf,-inf,,,,batch,0,Ridge,xavier,500,0.01,None,0.1,13d2c9d5c4e746fe9ae3e43c99e16d49,LOCAL,d:\AT82.03-ML-Car-Price-Prediction\.venv\Lib\site-packages\ipykernel_launcher.py,Fold-0,promb
13d2c9d5c4e746fe9ae3e43c99e16d49,769694705593400528,FINISHED,mlflow-artifacts:/769694705593400528/13d2c9d5c4e746fe9ae3e43c99e16d49/artifacts,2025-09-10 10:32:45+00:00,2025-09-10 10:33:04.475000+00:00,,,,inf,-inf,inf,batch,0,Ridge,xavier,500,0.01,None,0.1,,LOCAL,d:\AT82.03-ML-Car-Price-Prediction\.venv\Lib\site-packages\ipykernel_launcher.py,Reg-Ridge_TrainMethod-batch_Momentum-0_WeightInit-xavier_LR-0.01,promb
3f751e7ef6884d4db630455dcc6aa250,769694705593400528,FINISHED,mlflow-artifacts:/769694705593400528/3f751e7ef6884d4db630455dcc6aa250/artifacts,2025-09-10 10:32:27.315000+00:00,2025-09-10 10:32:44.879000+00:00,22.445169592071515,23.91039102819888,-32.92731420324993,,,,batch,0,Ridge,zero,500,0.0001,None,0.1,5392921b91084d7997c7bcdf7e05d397,LOCAL,d:\AT82.03-ML-Car-Price-Prediction\.venv\Lib\site-packages\ipykernel_launcher.py,Fold-2,promb
0ff1876a5e234f99874cf27b36878ae2,769694705593400528,FINISHED,mlflow-artifacts:/769694705593400528/0ff1876a5e234f99874cf27b36878ae2/artifacts,2025-09-10 10:32:07.400000+00:00,2025-09-10 10:32:27.291000+00:00,23.27179178564198,22.044337407644058,-29.66645079594239,,,,batch,0,Ridge,zero,500,0.0001,None,0.1,5392921b91084d7997c7bcdf7e05d397,LOCAL,d:\AT82.03-ML-Car-Price-Prediction\.venv\Lib\site-packages\ipykernel_launcher.py,Fold-1,promb
9311e48b775444e9978317c7360b990b,769694705593400528,FINISHED,mlflow-artifacts:/769694705593400528/9311e48b775444e9978317c7360b990b/artifacts,2025-09-10 10:31:49.245000+00:00,2025-09-10 10:32:07.375000+00:00,22.949543386823173,22.726926438632585,-31.62319083581488,,,,batch,0,Ridge,zero,500,0.0001,None,0.1,5392921b91084d7997c7bcdf7e05d397,LOCAL,d:\AT82.03-ML-Car-Price-Prediction\.venv\Lib\site-packages\ipykernel_launcher.py,Fold-0,promb
5392921b91084d7997c7bcdf7e05d397,769694705593400528,FINISHED,mlflow-artifacts:/769694705593400528/5392921b91084d7997c7bcdf7e05d397/artifacts,2025-09-10 10:31:49.167000+00:00,2025-09-10 10:32:44.978000+00:00,,,,22.888834921512224,-31.4056519450024,22.89388495815851,batch,0,Ridge,zero,500,0.0001,None,0.1,,LOCAL,d:\AT82.03-ML-Car-Price-Prediction\.venv\Lib\site-packages\ipykernel_launcher.py,Reg-Ridge_TrainMethod-batch_Momentum-0_WeightInit-zero_LR-0.0001,promb
060df3528d7f440c8a31fd3742a8ec97,769694705593400528,FINISHED,mlflow-artifacts:/769694705593400528/060df3528d7f440c8a31fd3742a8ec97/artifacts,2025-09-10 10:31:33.056000+00:00,2025-09-10 10:31:49.002000+00:00,12.019745720346238,12.651519831711251,-16.95169673188939,,,,batch,0,Ridge,zero,500,0.001,None,0.1,7ce72ee5f8ea4d5398cecaa23920ea51,LOCAL,d:\AT82.03-ML-Car-Price-Prediction\.venv\Lib\site-packages\ipykernel_launcher.py,Fold-2,promb
6a8c4d85f5a24683bbca091a3d777550,769694705593400528,FINISHED,mlflow-artifacts:/769694705593400528/6a8c4d85f5a24683bbca091a3d777550/artifacts,2025-09-10 10:31:14.962000+00:00,2025-09-10 10:31:33.032000+00:00,12.083596610115396,11.477934204325463,-14.967252633048355,,,,batch,0,Ridge,zero,500,0.001,None,0.1,7ce72ee5f8ea4d5398cecaa23920ea51,LOCAL,d:\AT82.03-ML-Car-Price-Prediction\.venv\Lib\site-packages\ipykernel_launcher.py,Fold-1,promb
7e56a2103d7544a687452118a7232e78,769694705593400528,FINISHED,mlflow-artifacts:/769694705593400528/7e56a2103d7544a687452118a7232e78/artifacts,2025-09-10 10:30:57.879000+00:00,2025-09-10 10:31:14.936000+00:00,11.97513846605496,12.097838272977345,-16.36574841062896,,,,batch,0,Ridge,zero,500,0.001,None,0.1,7ce72ee5f8ea4d5398cecaa23920ea51,LOCAL,d:\AT82.03-ML-Car-Price-Prediction\.venv\Lib\site-packages\ipykernel_launcher.py,Fold-0,promb
7ce72ee5f8ea4d5398cecaa23920ea51,769694705593400528,FINISHED,mlflow-artifacts:/769694705593400528/7ce72ee5f8ea4d5398cecaa23920ea51/artifacts,2025-09-10 10:30:57.807000+00:00,2025-09-10 10:31:49.112000+00:00,,,,12.026160265505531,-16.094899258522233,12.075764103004687,batch,0,Ridge,zero,500,0.001,None,0.1,,LOCAL,d:\AT82.03-ML-Car-Price-Prediction\.venv\Lib\site-packages\ipykernel_launcher.py,Reg-Ridge_TrainMethod-batch_Momentum-0_WeightInit-zero_LR-0.001,promb
d98473e4f6e9433fbbb624286d4de178,769694705593400528,FINISHED,mlflow-artifacts:/769694705593400528/d98473e4f6e9433fbbb624286d4de178/artifacts,2025-09-10 10:30:51.345000+00:00,2025-09-10 10:30:57.682000+00:00,inf,inf,-inf,,,,batch,0,Ridge,zero,500,0.01,None,0.1,99d4242811ac4c95ba5532db3e944e75,LOCAL,d:\AT82.03-ML-Car-Price-Prediction\.venv\Lib\site-packages\ipykernel_launcher.py,Fold-2,promb
f3231310533b424e9ff5077d2cb81fb8,769694705593400528,FINISHED,mlflow-artifacts:/769694705593400528/f3231310533b424e9ff5077d2cb81fb8/artifacts,2025-09-10 10:30:44.984000+00:00,2025-09-10 10:30:51.322000+00:00,inf,inf,-inf,,,,batch,0,Ridge,zero,500,0.01,None,0.1,99d4242811ac4c95ba5532db3e944e75,LOCAL,d:\AT82.03-ML-Car-Price-Prediction\.venv\Lib\site-packages\ipykernel_launcher.py,Fold-1,promb
e62d4d23ee9443d2b1e3d9583ede8b87,769694705593400528,FINISHED,mlflow-artifacts:/769694705593400528/e62d4d23ee9443d2b1e3d9583ede8b87/artifacts,2025-09-10 10:30:38.708000+00:00,2025-09-10 10:30:44.962000+00:00,inf,inf,-inf,,,,batch,0,Ridge,zero,500,0.01,None,0.1,99d4242811ac4c95ba5532db3e944e75,LOCAL,d:\AT82.03-ML-Car-Price-Prediction\.venv\Lib\site-packages\ipykernel_launcher.py,Fold-0,promb
99d4242811ac4c95ba5532db3e944e75,769694705593400528,FINISHED,mlflow-artifacts:/769694705593400528/99d4242811ac4c95ba5532db3e944e75/artifacts,2025-09-10 10:30:38.634000+00:00,2025-09-10 10:30:57.785000+00:00,,,,inf,-inf,inf,batch,0,Ridge,zero,500,0.01,None,0.1,,LOCAL,d:\AT82.03-ML-Car-Price-Prediction\.venv\Lib\site-packages\ipykernel_launcher.py,Reg-Ridge_TrainMethod-batch_Momentum-0_WeightInit-zero_LR-0.01,promb
b8d562065be0455cba3d81fef8c4cbe7,769694705593400528,FINISHED,mlflow-artifacts:/769694705593400528/b8d562065be0455cba3d81fef8c4cbe7/artifacts,2025-09-10 10:30:17.424000+00:00,2025-09-10 10:30:38.501000+00:00,18.33305189075723,13.848641810259572,-18.65033618357905,,,,mini-batch,0.9,Normal,xavier,500,0.0001,50,,47564d67a4334072bd2550b272340713,LOCAL,d:\AT82.03-ML-Car-Price-Prediction\.venv\Lib\site-packages\ipykernel_launcher.py,Fold-2,promb
c358e14fefaf4f40b61f40cea50c5858,769694705593400528,FINISHED,mlflow-artifacts:/769694705593400528/c358e14fefaf4f40b61f40cea50c5858/artifacts,2025-09-10 10:30:00.038000+00:00,2025-09-10 10:30:17.400000+00:00,9.113265109874183,12.557052587521952,-16.468442266891323,,,,mini-batch,0.9,Normal,xavier,500,0.0001,50,,47564d67a4334072bd2550b272340713,LOCAL,d:\AT82.03-ML-Car-Price-Prediction\.venv\Lib\site-packages\ipykernel_launcher.py,Fold-1,promb
9bcf660a85ed4582bcabf609822b243e,769694705593400528,FINISHED,mlflow-artifacts:/769694705593400528/9bcf660a85ed4582bcabf609822b243e/artifacts,2025-09-10 10:29:42.192000+00:00,2025-09-10 10:30:00.015000+00:00,18.88269744957764,13.179171208058998,-17.91793941161955,,,,mini-batch,0.9,Normal,xavier,500,0.0001,50,,47564d67a4334072bd2550b272340713,LOCAL,d:\AT82.03-ML-Car-Price-Prediction\.venv\Lib\site-packages\ipykernel_launcher.py,Fold-0,promb
47564d67a4334072bd2550b272340713,769694705593400528,FINISHED,mlflow-artifacts:/769694705593400528/47564d67a4334072bd2550b272340713/artifacts,2025-09-10 10:29:42.106000+00:00,2025-09-10 10:30:38.610000+00:00,,,,15.443004816736353,-17.678905954029975,13.19495520194684,mini-batch,0.9,Normal,xavier,500,0.0001,50,,,LOCAL,d:\AT82.03-ML-Car-Price-Prediction\.venv\Lib\site-packages\ipykernel_launcher.py,Reg-Normal_TrainMethod-mini-batch_BatchSize-50_Momentum-0.9_WeightInit-xavier_LR-0.0001,promb
bd793420671a4672a35ebf8777b889ff,769694705593400528,FINISHED,mlflow-artifacts:/769694705593400528/bd793420671a4672a35ebf8777b889ff/artifacts,2025-09-10 10:29:20.393000+00:00,2025-09-10 10:29:41.962000+00:00,2.8588539745597883,2.685467715556075,-2.8105067734317988,,,,mini-batch,0.9,Normal,xavier,500,0.001,50,,c5bb738c6db642cab1e50197629a05ed,LOCAL,d:\AT82.03-ML-Car-Price-Prediction\.venv\Lib\site-packages\ipykernel_launcher.py,Fold-2,promb
30a6c38f264a41f0bebda490eec70f5f,769694705593400528,FINISHED,mlflow-artifacts:/769694705593400528/30a6c38f264a41f0bebda490eec70f5f/artifacts,2025-09-10 10:29:14.871000+00:00,2025-09-10 10:29:20.338000+00:00,5.317148896043423,7.1912575279179665,-9.0039452791344,,,,mini-batch,0.9,Normal,xavier,500,0.001,50,,c5bb738c6db642cab1e50197629a05ed,LOCAL,d:\AT82.03-ML-Car-Price-Prediction\.venv\Lib\site-packages\ipykernel_launcher.py,Fold-1,promb
a386e4e98b0b486487d4da5a84a6a86a,769694705593400528,FINISHED,mlflow-artifacts:/769694705593400528/a386e4e98b0b486487d4da5a84a6a86a/artifacts,2025-09-10 10:28:49.937000+00:00,2025-09-10 10:29:14.843000+00:00,1.6454240934040065,2.595379568968816,-2.725517535266814,,,,mini-batch,0.9,Normal,xavier,500,0.001,50,,c5bb738c6db642cab1e50197629a05ed,LOCAL,d:\AT82.03-ML-Car-Price-Prediction\.venv\Lib\site-packages\ipykernel_launcher.py,Fold-0,promb
c5bb738c6db642cab1e50197629a05ed,769694705593400528,FINISHED,mlflow-artifacts:/769694705593400528/c5bb738c6db642cab1e50197629a05ed/artifacts,2025-09-10 10:28:49.859000+00:00,2025-09-10 10:29:42.081000+00:00,,,,3.273808988002406,-4.846656529277671,4.157368270814286,mini-batch,0.9,Normal,xavier,500,0.001,50,,,LOCAL,d:\AT82.03-ML-Car-Price-Prediction\.venv\Lib\site-packages\ipykernel_launcher.py,Reg-Normal_TrainMethod-mini-batch_BatchSize-50_Momentum-0.9_WeightInit-xavier_LR-0.001,promb
25097a7ab93048298eb4872fbe4932c8,769694705593400528,FINISHED,mlflow-artifacts:/769694705593400528/25097a7ab93048298eb4872fbe4932c8/artifacts,2025-09-10 10:28:49.521000+00:00,2025-09-10 10:28:49.720000+00:00,inf,inf,-inf,,,,mini-batch,0.9,Normal,xavier,500,0.01,50,,2c8cb07042e3460db3d1cbbcd601e2eb,LOCAL,d:\AT82.03-ML-Car-Price-Prediction\.venv\Lib\site-packages\ipykernel_launcher.py,Fold-2,promb
29e7656646a84619b31ed707640a11db,769694705593400528,FINISHED,mlflow-artifacts:/769694705593400528/29e7656646a84619b31ed707640a11db/artifacts,2025-09-10 10:28:49.340000+00:00,2025-09-10 10:28:49.499000+00:00,inf,inf,-inf,,,,mini-batch,0.9,Normal,xavier,500,0.01,50,,2c8cb07042e3460db3d1cbbcd601e2eb,LOCAL,d:\AT82.03-ML-Car-Price-Prediction\.venv\Lib\site-packages\ipykernel_launcher.py,Fold-1,promb
f1aa4aaf4c084d6b9654be2b8e7d1f14,769694705593400528,FINISHED,mlflow-artifacts:/769694705593400528/f1aa4aaf4c084d6b9654be2b8e7d1f14/artifacts,2025-09-10 10:28:49.152000+00:00,2025-09-10 10:28:49.316000+00:00,inf,inf,-inf,,,,mini-batch,0.9,Normal,xavier,500,0.01,50,,2c8cb07042e3460db3d1cbbcd601e2eb,LOCAL,d:\AT82.03-ML-Car-Price-Prediction\.venv\Lib\site-packages\ipykernel_launcher.py,Fold-0,promb
2c8cb07042e3460db3d1cbbcd601e2eb,769694705593400528,FINISHED,mlflow-artifacts:/769694705593400528/2c8cb07042e3460db3d1cbbcd601e2eb/artifacts,2025-09-10 10:28:49.081000+00:00,2025-09-10 10:28:49.836000+00:00,,,,inf,-inf,inf,mini-batch,0.9,Normal,xavier,500,0.01,50,,,LOCAL,d:\AT82.03-ML-Car-Price-Prediction\.venv\Lib\site-packages\ipykernel_launcher.py,Reg-Normal_TrainMethod-mini-batch_BatchSize-50_Momentum-0.9_WeightInit-xavier_LR-0.01,promb
3f501b41f30b451894ea0334f8be8847,769694705593400528,FINISHED,mlflow-artifacts:/769694705593400528/3f501b41f30b451894ea0334f8be8847/artifacts,2025-09-10 10:28:31.847000+00:00,2025-09-10 10:28:48.958000+00:00,13.334742301989765,13.816620745511422,-18.60490034258624,,,,mini-batch,0.9,Normal,zero,500,0.0001,50,,5f085fb958434c50b225927a34a7b5e9,LOCAL,d:\AT82.03-ML-Car-Price-Prediction\.venv\Lib\site-packages\ipykernel_launcher.py,Fold-2,promb
023e4a27c6c44338b72b4423f1324f89,769694705593400528,FINISHED,mlflow-artifacts:/769694705593400528/023e4a27c6c44338b72b4423f1324f89/artifacts,2025-09-10 10:28:14.643000+00:00,2025-09-10 10:28:31.825000+00:00,14.153743812976915,12.548820398368754,-16.456990254569924,,,,mini-batch,0.9,Normal,zero,500,0.0001,50,,5f085fb958434c50b225927a34a7b5e9,LOCAL,d:\AT82.03-ML-Car-Price-Prediction\.venv\Lib\site-packages\ipykernel_launcher.py,Fold-1,promb
618f4b4810c5437b947757e21fc726eb,769694705593400528,FINISHED,mlflow-artifacts:/769694705593400528/618f4b4810c5437b947757e21fc726eb/artifacts,2025-09-10 10:27:49.473000+00:00,2025-09-10 10:28:14.599000+00:00,14.970559947716914,13.176410695071091,-17.91397685459485,,,,mini-batch,0.9,Normal,zero,500,0.0001,50,,5f085fb958434c50b225927a34a7b5e9,LOCAL,d:\AT82.03-ML-Car-Price-Prediction\.venv\Lib\site-packages\ipykernel_launcher.py,Fold-0,promb
5f085fb958434c50b225927a34a7b5e9,769694705593400528,FINISHED,mlflow-artifacts:/769694705593400528/5f085fb958434c50b225927a34a7b5e9/artifacts,2025-09-10 10:27:49.361000+00:00,2025-09-10 10:28:49.060000+00:00,,,,14.153015354227863,-17.658622483917004,13.180617279650422,mini-batch,0.9,Normal,zero,500,0.0001,50,,,LOCAL,d:\AT82.03-ML-Car-Price-Prediction\.venv\Lib\site-packages\ipykernel_launcher.py,Reg-Normal_TrainMethod-mini-batch_BatchSize-50_Momentum-0.9_WeightInit-zero_LR-0.0001,promb
9a321aec5b414ceb922523dca961680c,769694705593400528,FINISHED,mlflow-artifacts:/769694705593400528/9a321aec5b414ceb922523dca961680c/artifacts,2025-09-10 10:27:24.688000+00:00,2025-09-10 10:27:49.152000+00:00,1.7363327707061618,2.5425869807270476,-2.607768157471121,,,,mini-batch,0.9,Normal,zero,500,0.001,50,,7c24a3ee1eba464984c83e71a6ddd4a8,LOCAL,d:\AT82.03-ML-Car-Price-Prediction\.venv\Lib\site-packages\ipykernel_launcher.py,Fold-2,promb
e9f021b380b74bf0a151bf2116261680,769694705593400528,FINISHED,mlflow-artifacts:/769694705593400528/e9f021b380b74bf0a151bf2116261680/artifacts,2025-09-10 10:26:57.969000+00:00,2025-09-10 10:27:24.639000+00:00,2.481257508863766,2.6491980491480973,-2.6853682703448154,,,,mini-batch,0.9,Normal,zero,500,0.001,50,,7c24a3ee1eba464984c83e71a6ddd4a8,LOCAL,d:\AT82.03-ML-Car-Price-Prediction\.venv\Lib\site-packages\ipykernel_launcher.py,Fold-1,promb
97ecb9390479494096ef3b88e375d469,769694705593400528,FINISHED,mlflow-artifacts:/769694705593400528/97ecb9390479494096ef3b88e375d469/artifacts,2025-09-10 10:26:33.342000+00:00,2025-09-10 10:26:57.926000+00:00,2.829376403704916,2.5978623914565167,-2.729081483610046,,,,mini-batch,0.9,Normal,zero,500,0.001,50,,7c24a3ee1eba464984c83e71a6ddd4a8,LOCAL,d:\AT82.03-ML-Car-Price-Prediction\.venv\Lib\site-packages\ipykernel_launcher.py,Fold-0,promb
7c24a3ee1eba464984c83e71a6ddd4a8,769694705593400528,FINISHED,mlflow-artifacts:/769694705593400528/7c24a3ee1eba464984c83e71a6ddd4a8/artifacts,2025-09-10 10:26:33.237000+00:00,2025-09-10 10:27:49.331000+00:00,,,,2.348988894424948,-2.6740726371419945,2.596549140443887,mini-batch,0.9,Normal,zero,500,0.001,50,,,LOCAL,d:\AT82.03-ML-Car-Price-Prediction\.venv\Lib\site-packages\ipykernel_launcher.py,Reg-Normal_TrainMethod-mini-batch_BatchSize-50_Momentum-0.9_WeightInit-zero_LR-0.001,promb
609d0fd2c4cd475fbe35d49872161854,769694705593400528,FINISHED,mlflow-artifacts:/769694705593400528/609d0fd2c4cd475fbe35d49872161854/artifacts,2025-09-10 10:26:32.799000+00:00,2025-09-10 10:26:33.044000+00:00,inf,inf,-inf,,,,mini-batch,0.9,Normal,zero,500,0.01,50,,549172320ac249a0aab30f2cda8676d3,LOCAL,d:\AT82.03-ML-Car-Price-Prediction\.venv\Lib\site-packages\ipykernel_launcher.py,Fold-2,promb
899992bf2a9644aab155728d1220ffa5,769694705593400528,FINISHED,mlflow-artifacts:/769694705593400528/899992bf2a9644aab155728d1220ffa5/artifacts,2025-09-10 10:26:32.499000+00:00,2025-09-10 10:26:32.760000+00:00,inf,inf,-inf,,,,mini-batch,0.9,Normal,zero,500,0.01,50,,549172320ac249a0aab30f2cda8676d3,LOCAL,d:\AT82.03-ML-Car-Price-Prediction\.venv\Lib\site-packages\ipykernel_launcher.py,Fold-1,promb
5fd47866106d41ce8c865acf9232bdfe,769694705593400528,FINISHED,mlflow-artifacts:/769694705593400528/5fd47866106d41ce8c865acf9232bdfe/artifacts,2025-09-10 10:26:32.156000+00:00,2025-09-10 10:26:32.444000+00:00,inf,inf,-inf,,,,mini-batch,0.9,Normal,zero,500,0.01,50,,549172320ac249a0aab30f2cda8676d3,LOCAL,d:\AT82.03-ML-Car-Price-Prediction\.venv\Lib\site-packages\ipykernel_launcher.py,Fold-0,promb
549172320ac249a0aab30f2cda8676d3,769694705593400528,FINISHED,mlflow-artifacts:/769694705593400528/549172320ac249a0aab30f2cda8676d3/artifacts,2025-09-10 10:26:32.055000+00:00,2025-09-10 10:26:33.197000+00:00,,,,inf,-inf,inf,mini-batch,0.9,Normal,zero,500,0.01,50,,,LOCAL,d:\AT82.03-ML-Car-Price-Prediction\.venv\Lib\site-packages\ipykernel_launcher.py,Reg-Normal_TrainMethod-mini-batch_BatchSize-50_Momentum-0.9_WeightInit-zero_LR-0.01,promb
9d71048445544b7890af3ced3282b56c,769694705593400528,FINISHED,mlflow-artifacts:/769694705593400528/9d71048445544b7890af3ced3282b56c/artifacts,2025-09-10 10:25:54.048000+00:00,2025-09-10 10:26:31.881000+00:00,0.05045980237516761,0.3826515252240201,0.45704198181797473,,,,stochastic,0.9,Normal,xavier,500,0.0001,None,,d90b23a4fd1d4f0b8d7e5a4a3a9a84c0,LOCAL,d:\AT82.03-ML-Car-Price-Prediction\.venv\Lib\site-packages\ipykernel_launcher.py,Fold-2,promb
2f73fc98c81d430dbbab7597b5d30745,769694705593400528,FINISHED,mlflow-artifacts:/769694705593400528/2f73fc98c81d430dbbab7597b5d30745/artifacts,2025-09-10 10:25:26.177000+00:00,2025-09-10 10:25:54.025000+00:00,0.33189638955560535,0.5894480163011155,0.18000354220690218,,,,stochastic,0.9,Normal,xavier,500,0.0001,None,,d90b23a4fd1d4f0b8d7e5a4a3a9a84c0,LOCAL,d:\AT82.03-ML-Car-Price-Prediction\.venv\Lib\site-packages\ipykernel_launcher.py,Fold-1,promb
2d4bf21373a541f49ada91cd035265b6,769694705593400528,FINISHED,mlflow-artifacts:/769694705593400528/2d4bf21373a541f49ada91cd035265b6/artifacts,2025-09-10 10:24:54.145000+00:00,2025-09-10 10:25:26.153000+00:00,0.3871165677610804,0.654410864263285,0.06063098468073336,,,,stochastic,0.9,Normal,xavier,500,0.0001,None,,d90b23a4fd1d4f0b8d7e5a4a3a9a84c0,LOCAL,d:\AT82.03-ML-Car-Price-Prediction\.venv\Lib\site-packages\ipykernel_launcher.py,Fold-0,promb
d90b23a4fd1d4f0b8d7e5a4a3a9a84c0,769694705593400528,FINISHED,mlflow-artifacts:/769694705593400528/d90b23a4fd1d4f0b8d7e5a4a3a9a84c0/artifacts,2025-09-10 10:24:54.038000+00:00,2025-09-10 10:26:32.022000+00:00,,,,0.2564909198972844,0.23255883623520343,0.5421701352628069,stochastic,0.9,Normal,xavier,500,0.0001,None,,,LOCAL,d:\AT82.03-ML-Car-Price-Prediction\.venv\Lib\site-packages\ipykernel_launcher.py,Reg-Normal_TrainMethod-stochastic_Momentum-0.9_WeightInit-xavier_LR-0.0001,promb
dd638325ba3f4cb6839187b2b2831817,769694705593400528,FINISHED,mlflow-artifacts:/769694705593400528/dd638325ba3f4cb6839187b2b2831817/artifacts,2025-09-10 10:24:03.497000+00:00,2025-09-10 10:24:53.845000+00:00,0.40702050962235325,0.468222657933307,0.33562202249016326,,,,stochastic,0.9,Normal,xavier,500,0.001,None,,76a933185af24932a0c5c0c25b20da3a,LOCAL,d:\AT82.03-ML-Car-Price-Prediction\.venv\Lib\site-packages\ipykernel_launcher.py,Fold-2,promb
8461e8590a424c90b5b8a41c3542fc59,769694705593400528,FINISHED,mlflow-artifacts:/769694705593400528/8461e8590a424c90b5b8a41c3542fc59/artifacts,2025-09-10 10:23:14.031000+00:00,2025-09-10 10:24:03.459000+00:00,0.22521966455020156,0.3012628536446142,0.5809054131636466,,,,stochastic,0.9,Normal,xavier,500,0.001,None,,76a933185af24932a0c5c0c25b20da3a,LOCAL,d:\AT82.03-ML-Car-Price-Prediction\.venv\Lib\site-packages\ipykernel_launcher.py,Fold-1,promb
173f1b5c7cfa4e688eff90d0db2ff964,769694705593400528,FINISHED,mlflow-artifacts:/769694705593400528/173f1b5c7cfa4e688eff90d0db2ff964/artifacts,2025-09-10 10:22:28.074000+00:00,2025-09-10 10:23:13.999000+00:00,0.6722341336161765,0.8410301949191865,-0.20725029060207678,,,,stochastic,0.9,Normal,xavier,500,0.001,None,,76a933185af24932a0c5c0c25b20da3a,LOCAL,d:\AT82.03-ML-Car-Price-Prediction\.venv\Lib\site-packages\ipykernel_launcher.py,Fold-0,promb
76a933185af24932a0c5c0c25b20da3a,769694705593400528,FINISHED,mlflow-artifacts:/769694705593400528/76a933185af24932a0c5c0c25b20da3a/artifacts,2025-09-10 10:22:27.999000+00:00,2025-09-10 10:24:54.004000+00:00,,,,0.4348247692629104,0.23642571501724438,0.5368385688323692,stochastic,0.9,Normal,xavier,500,0.001,None,,,LOCAL,d:\AT82.03-ML-Car-Price-Prediction\.venv\Lib\site-packages\ipykernel_launcher.py,Reg-Normal_TrainMethod-stochastic_Momentum-0.9_WeightInit-xavier_LR-0.001,promb
515bced2489349458e13dba7921b3f64,769694705593400528,FINISHED,mlflow-artifacts:/769694705593400528/515bced2489349458e13dba7921b3f64/artifacts,2025-09-10 10:21:55.129000+00:00,2025-09-10 10:22:27.859000+00:00,,,,,,,stochastic,0.9,Normal,xavier,500,0.01,None,,2e931622c2e54e4ab33a27000700ca19,LOCAL,d:\AT82.03-ML-Car-Price-Prediction\.venv\Lib\site-packages\ipykernel_launcher.py,Fold-2,promb
a307dc51bf3c47a8be49effcc1d10f0e,769694705593400528,FINISHED,mlflow-artifacts:/769694705593400528/a307dc51bf3c47a8be49effcc1d10f0e/artifacts,2025-09-10 10:21:22.434000+00:00,2025-09-10 10:21:55.106000+00:00,,,,,,,stochastic,0.9,Normal,xavier,500,0.01,None,,2e931622c2e54e4ab33a27000700ca19,LOCAL,d:\AT82.03-ML-Car-Price-Prediction\.venv\Lib\site-packages\ipykernel_launcher.py,Fold-1,promb
f97d4049d224433a8895e71364ec14e5,769694705593400528,FINISHED,mlflow-artifacts:/769694705593400528/f97d4049d224433a8895e71364ec14e5/artifacts,2025-09-10 10:20:48.856000+00:00,2025-09-10 10:21:22.412000+00:00,,,,,,,stochastic,0.9,Normal,xavier,500,0.01,None,,2e931622c2e54e4ab33a27000700ca19,LOCAL,d:\AT82.03-ML-Car-Price-Prediction\.venv\Lib\site-packages\ipykernel_launcher.py,Fold-0,promb
2e931622c2e54e4ab33a27000700ca19,769694705593400528,FINISHED,mlflow-artifacts:/769694705593400528/2e931622c2e54e4ab33a27000700ca19/artifacts,2025-09-10 10:20:48.775000+00:00,2025-09-10 10:22:27.973000+00:00,,,,,,,stochastic,0.9,Normal,xavier,500,0.01,None,,,LOCAL,d:\AT82.03-ML-Car-Price-Prediction\.venv\Lib\site-packages\ipykernel_launcher.py,Reg-Normal_TrainMethod-stochastic_Momentum-0.9_WeightInit-xavier_LR-0.01,promb
1232ee298e604d8483e2a2e52cf463ff,769694705593400528,FINISHED,mlflow-artifacts:/769694705593400528/1232ee298e604d8483e2a2e52cf463ff/artifacts,2025-09-10 10:20:14.644000+00:00,2025-09-10 10:20:48.657000+00:00,0.2596632930428621,0.38347255282363696,0.4558769962136451,,,,stochastic,0.9,Normal,zero,500,0.0001,None,,e32e4c1fb05b47e2a1823481eba2d9c0,LOCAL,d:\AT82.03-ML-Car-Price-Prediction\.venv\Lib\site-packages\ipykernel_launcher.py,Fold-2,promb
8e898861fcd8413cb948c6b1098d4319,769694705593400528,FINISHED,mlflow-artifacts:/769694705593400528/8e898861fcd8413cb948c6b1098d4319/artifacts,2025-09-10 10:19:29.638000+00:00,2025-09-10 10:20:14.620000+00:00,0.008773529931420483,0.42455781518657626,0.409386587190538,,,,stochastic,0.9,Normal,zero,500,0.0001,None,,e32e4c1fb05b47e2a1823481eba2d9c0,LOCAL,d:\AT82.03-ML-Car-Price-Prediction\.venv\Lib\site-packages\ipykernel_launcher.py,Fold-1,promb
d90cfe97250c4a85823ba66010d5fa06,769694705593400528,FINISHED,mlflow-artifacts:/769694705593400528/d90cfe97250c4a85823ba66010d5fa06/artifacts,2025-09-10 10:18:43.638000+00:00,2025-09-10 10:19:29.615000+00:00,0.12643363322148568,0.4939209080273612,0.29100505148002465,,,,stochastic,0.9,Normal,zero,500,0.0001,None,,e32e4c1fb05b47e2a1823481eba2d9c0,LOCAL,d:\AT82.03-ML-Car-Price-Prediction\.venv\Lib\site-packages\ipykernel_launcher.py,Fold-0,promb
e32e4c1fb05b47e2a1823481eba2d9c0,769694705593400528,FINISHED,mlflow-artifacts:/769694705593400528/e32e4c1fb05b47e2a1823481eba2d9c0/artifacts,2025-09-10 10:18:43.539000+00:00,2025-09-10 10:20:48.755000+00:00,,,,0.13162348539858942,0.3854228782947359,0.4339837586791915,stochastic,0.9,Normal,zero,500,0.0001,None,,,LOCAL,d:\AT82.03-ML-Car-Price-Prediction\.venv\Lib\site-packages\ipykernel_launcher.py,Reg-Normal_TrainMethod-stochastic_Momentum-0.9_WeightInit-zero_LR-0.0001,promb
01047fadbb9d401d9c09c31026ce156e,769694705593400528,FINISHED,mlflow-artifacts:/769694705593400528/01047fadbb9d401d9c09c31026ce156e/artifacts,2025-09-10 10:17:55.908000+00:00,2025-09-10 10:18:43.342000+00:00,0.1524762249091759,0.09894979970191442,0.8595965686685644,,,,stochastic,0.9,Normal,zero,500,0.001,None,,f9c4f26b463a40daaac30ffd91e647db,LOCAL,d:\AT82.03-ML-Car-Price-Prediction\.venv\Lib\site-packages\ipykernel_launcher.py,Fold-2,promb
8f2e1e1d6f484eeea93e9f0ea1db87c7,769694705593400528,FINISHED,mlflow-artifacts:/769694705593400528/8f2e1e1d6f484eeea93e9f0ea1db87c7/artifacts,2025-09-10 10:17:20.092000+00:00,2025-09-10 10:17:55.882000+00:00,0.04704695191511015,0.14088999985459022,0.8040042588586528,,,,stochastic,0.9,Normal,zero,500,0.001,None,,f9c4f26b463a40daaac30ffd91e647db,LOCAL,d:\AT82.03-ML-Car-Price-Prediction\.venv\Lib\site-packages\ipykernel_launcher.py,Fold-1,promb
b03fd17521654f91976b7bc5aebf22cd,769694705593400528,FINISHED,mlflow-artifacts:/769694705593400528/b03fd17521654f91976b7bc5aebf22cd/artifacts,2025-09-10 10:16:35.259000+00:00,2025-09-10 10:17:20.068000+00:00,0.048024512518600765,0.1101555917173,0.8418780075726858,,,,stochastic,0.9,Normal,zero,500,0.001,None,,f9c4f26b463a40daaac30ffd91e647db,LOCAL,d:\AT82.03-ML-Car-Price-Prediction\.venv\Lib\site-packages\ipykernel_launcher.py,Fold-0,promb
f9c4f26b463a40daaac30ffd91e647db,769694705593400528,FINISHED,mlflow-artifacts:/769694705593400528/f9c4f26b463a40daaac30ffd91e647db/artifacts,2025-09-10 10:16:35.153000+00:00,2025-09-10 10:18:43.494000+00:00,,,,0.08251589644762894,0.8351596116999677,0.11666513042460154,stochastic,0.9,Normal,zero,500,0.001,None,,,LOCAL,d:\AT82.03-ML-Car-Price-Prediction\.venv\Lib\site-packages\ipykernel_launcher.py,Reg-Normal_TrainMethod-stochastic_Momentum-0.9_WeightInit-zero_LR-0.001,promb
14a2957112bf4048b4235369a508864b,769694705593400528,FINISHED,mlflow-artifacts:/769694705593400528/14a2957112bf4048b4235369a508864b/artifacts,2025-09-10 10:15:46.085000+00:00,2025-09-10 10:16:34.968000+00:00,,,,,,,stochastic,0.9,Normal,zero,500,0.01,None,,e4d5ac9873594a89b79c0c14aeabaafd,LOCAL,d:\AT82.03-ML-Car-Price-Prediction\.venv\Lib\site-packages\ipykernel_launcher.py,Fold-2,promb
6ac56d6d4aab4e4b8c220c55dffb1bd2,769694705593400528,FINISHED,mlflow-artifacts:/769694705593400528/6ac56d6d4aab4e4b8c220c55dffb1bd2/artifacts,2025-09-10 10:14:59.667000+00:00,2025-09-10 10:15:46.061000+00:00,,,,,,,stochastic,0.9,Normal,zero,500,0.01,None,,e4d5ac9873594a89b79c0c14aeabaafd,LOCAL,d:\AT82.03-ML-Car-Price-Prediction\.venv\Lib\site-packages\ipykernel_launcher.py,Fold-1,promb
274a0de92dfa4ad7bb1378593626396c,769694705593400528,FINISHED,mlflow-artifacts:/769694705593400528/274a0de92dfa4ad7bb1378593626396c/artifacts,2025-09-10 10:14:11.296000+00:00,2025-09-10 10:14:59.601000+00:00,,,,,,,stochastic,0.9,Normal,zero,500,0.01,None,,e4d5ac9873594a89b79c0c14aeabaafd,LOCAL,d:\AT82.03-ML-Car-Price-Prediction\.venv\Lib\site-packages\ipykernel_launcher.py,Fold-0,promb
e4d5ac9873594a89b79c0c14aeabaafd,769694705593400528,FINISHED,mlflow-artifacts:/769694705593400528/e4d5ac9873594a89b79c0c14aeabaafd/artifacts,2025-09-10 10:14:11.212000+00:00,2025-09-10 10:16:35.126000+00:00,,,,,,,stochastic,0.9,Normal,zero,500,0.01,None,,,LOCAL,d:\AT82.03-ML-Car-Price-Prediction\.venv\Lib\site-packages\ipykernel_launcher.py,Reg-Normal_TrainMethod-stochastic_Momentum-0.9_WeightInit-zero_LR-0.01,promb
e60b17eba15446228355b0bfef0ae1c9,769694705593400528,FINISHED,mlflow-artifacts:/769694705593400528/e60b17eba15446228355b0bfef0ae1c9/artifacts,2025-09-10 10:13:54.593000+00:00,2025-09-10 10:14:11.093000+00:00,24.30897341716839,25.921438241916785,-35.78086145878877,,,,batch,0.9,Normal,xavier,500,0.0001,None,,b4bfae4ec40e4c73b52dc9a4abd1b1f6,LOCAL,d:\AT82.03-ML-Car-Price-Prediction\.venv\Lib\site-packages\ipykernel_launcher.py,Fold-2,promb
4a393e1997994fe2ada38ac1c7f9c6fe,769694705593400528,FINISHED,mlflow-artifacts:/769694705593400528/4a393e1997994fe2ada38ac1c7f9c6fe/artifacts,2025-09-10 10:13:36.765000+00:00,2025-09-10 10:13:54.566000+00:00,25.242986789891766,23.95154029546884,-32.31961030969021,,,,batch,0.9,Normal,xavier,500,0.0001,None,,b4bfae4ec40e4c73b52dc9a4abd1b1f6,LOCAL,d:\AT82.03-ML-Car-Price-Prediction\.venv\Lib\site-packages\ipykernel_launcher.py,Fold-1,promb
4fa2f58ab8af477bb3975651d43e69b9,769694705593400528,FINISHED,mlflow-artifacts:/769694705593400528/4fa2f58ab8af477bb3975651d43e69b9/artifacts,2025-09-10 10:13:20.097000+00:00,2025-09-10 10:13:36.741000+00:00,24.877359424946164,24.557593255711833,-34.251007364003705,,,,batch,0.9,Normal,xavier,500,0.0001,None,,b4bfae4ec40e4c73b52dc9a4abd1b1f6,LOCAL,d:\AT82.03-ML-Car-Price-Prediction\.venv\Lib\site-packages\ipykernel_launcher.py,Fold-0,promb
b4bfae4ec40e4c73b52dc9a4abd1b1f6,769694705593400528,FINISHED,mlflow-artifacts:/769694705593400528/b4bfae4ec40e4c73b52dc9a4abd1b1f6/artifacts,2025-09-10 10:13:20.026000+00:00,2025-09-10 10:14:11.190000+00:00,,,,24.809773210668776,-34.117159710827565,24.81019059769915,batch,0.9,Normal,xavier,500,0.0001,None,,,LOCAL,d:\AT82.03-ML-Car-Price-Prediction\.venv\Lib\site-packages\ipykernel_launcher.py,Reg-Normal_TrainMethod-batch_Momentum-0.9_WeightInit-xavier_LR-0.0001,promb
0e9cecdb93bd4b2e949bccf4c4012e0e,769694705593400528,FINISHED,mlflow-artifacts:/769694705593400528/0e9cecdb93bd4b2e949bccf4c4012e0e/artifacts,2025-09-10 10:13:02.474000+00:00,2025-09-10 10:13:19.878000+00:00,22.44424101412565,23.905434934763417,-32.92028182393804,,,,batch,0.9,Normal,xavier,500,0.001,None,,6cca0a7453bd4eb99acf82c58d53025e,LOCAL,d:\AT82.03-ML-Car-Price-Prediction\.venv\Lib\site-packages\ipykernel_launcher.py,Fold-2,promb
94da2612fbb6447e9333147f9884c117,769694705593400528,FINISHED,mlflow-artifacts:/769694705593400528/94da2612fbb6447e9333147f9884c117/artifacts,2025-09-10 10:12:46.162000+00:00,2025-09-10 10:13:02.450000+00:00,23.170634381748847,21.95925104742021,-29.548084948470574,,,,batch,0.9,Normal,xavier,500,0.001,None,,6cca0a7453bd4eb99acf82c58d53025e,LOCAL,d:\AT82.03-ML-Car-Price-Prediction\.venv\Lib\site-packages\ipykernel_launcher.py,Fold-1,promb
a2c44b419ea241449c87a87820b08830,769694705593400528,FINISHED,mlflow-artifacts:/769694705593400528/a2c44b419ea241449c87a87820b08830/artifacts,2025-09-10 10:12:29.535000+00:00,2025-09-10 10:12:46.139000+00:00,22.87865944034137,22.65640047639492,-31.52195488861493,,,,batch,0.9,Normal,xavier,500,0.001,None,,6cca0a7453bd4eb99acf82c58d53025e,LOCAL,d:\AT82.03-ML-Car-Price-Prediction\.venv\Lib\site-packages\ipykernel_launcher.py,Fold-0,promb
6cca0a7453bd4eb99acf82c58d53025e,769694705593400528,FINISHED,mlflow-artifacts:/769694705593400528/6cca0a7453bd4eb99acf82c58d53025e/artifacts,2025-09-10 10:12:29.461000+00:00,2025-09-10 10:13:20.005000+00:00,,,,22.831178278738623,-31.33010722034118,22.840362152859516,batch,0.9,Normal,xavier,500,0.001,None,,,LOCAL,d:\AT82.03-ML-Car-Price-Prediction\.venv\Lib\site-packages\ipykernel_launcher.py,Reg-Normal_TrainMethod-batch_Momentum-0.9_WeightInit-xavier_LR-0.001,promb
be955b3f2b78479dbb7e6025a2f2812a,769694705593400528,FINISHED,mlflow-artifacts:/769694705593400528/be955b3f2b78479dbb7e6025a2f2812a/artifacts,2025-09-10 10:12:23.821000+00:00,2025-09-10 10:12:29.340000+00:00,inf,inf,-inf,,,,batch,0.9,Normal,xavier,500,0.01,None,,1a4f0712119e46b89581e5d7e505580c,LOCAL,d:\AT82.03-ML-Car-Price-Prediction\.venv\Lib\site-packages\ipykernel_launcher.py,Fold-2,promb
6c851be60df84bb592d3a0878322ced5,769694705593400528,FINISHED,mlflow-artifacts:/769694705593400528/6c851be60df84bb592d3a0878322ced5/artifacts,2025-09-10 10:12:18.097000+00:00,2025-09-10 10:12:23.798000+00:00,inf,inf,-inf,,,,batch,0.9,Normal,xavier,500,0.01,None,,1a4f0712119e46b89581e5d7e505580c,LOCAL,d:\AT82.03-ML-Car-Price-Prediction\.venv\Lib\site-packages\ipykernel_launcher.py,Fold-1,promb
de4d59d6ca9b42e78c5ebc81290bc4d6,769694705593400528,FINISHED,mlflow-artifacts:/769694705593400528/de4d59d6ca9b42e78c5ebc81290bc4d6/artifacts,2025-09-10 10:12:12.435000+00:00,2025-09-10 10:12:18.073000+00:00,inf,inf,-inf,,,,batch,0.9,Normal,xavier,500,0.01,None,,1a4f0712119e46b89581e5d7e505580c,LOCAL,d:\AT82.03-ML-Car-Price-Prediction\.venv\Lib\site-packages\ipykernel_launcher.py,Fold-0,promb
1a4f0712119e46b89581e5d7e505580c,769694705593400528,FINISHED,mlflow-artifacts:/769694705593400528/1a4f0712119e46b89581e5d7e505580c/artifacts,2025-09-10 10:12:12.370000+00:00,2025-09-10 10:12:29.439000+00:00,,,,inf,-inf,inf,batch,0.9,Normal,xavier,500,0.01,None,,,LOCAL,d:\AT82.03-ML-Car-Price-Prediction\.venv\Lib\site-packages\ipykernel_launcher.py,Reg-Normal_TrainMethod-batch_Momentum-0.9_WeightInit-xavier_LR-0.01,promb
4c86489ca5c94e0cbd06fb2a0f1ca8f5,769694705593400528,FINISHED,mlflow-artifacts:/769694705593400528/4c86489ca5c94e0cbd06fb2a0f1ca8f5/artifacts,2025-09-10 10:11:54.483000+00:00,2025-09-10 10:12:12.252000+00:00,24.2618630888794,25.873075398001408,-35.71223767930543,,,,batch,0.9,Normal,zero,500,0.0001,None,,a9c0436560354ab8bdfa3013c5b824dc,LOCAL,d:\AT82.03-ML-Car-Price-Prediction\.venv\Lib\site-packages\ipykernel_launcher.py,Fold-2,promb
ceb4ab23fd984c09b0bc4e657fef57a4,769694705593400528,FINISHED,mlflow-artifacts:/769694705593400528/ceb4ab23fd984c09b0bc4e657fef57a4/artifacts,2025-09-10 10:11:37.994000+00:00,2025-09-10 10:11:54.460000+00:00,25.22440933822383,23.935243899156614,-32.29693996916608,,,,batch,0.9,Normal,zero,500,0.0001,None,,a9c0436560354ab8bdfa3013c5b824dc,LOCAL,d:\AT82.03-ML-Car-Price-Prediction\.venv\Lib\site-packages\ipykernel_launcher.py,Fold-1,promb
8932418cb7154b92889d812b368822ba,769694705593400528,FINISHED,mlflow-artifacts:/769694705593400528/8932418cb7154b92889d812b368822ba/artifacts,2025-09-10 10:11:21.343000+00:00,2025-09-10 10:11:37.952000+00:00,24.877838458861238,24.558376370804346,-34.252131480508346,,,,batch,0.9,Normal,zero,500,0.0001,None,,a9c0436560354ab8bdfa3013c5b824dc,LOCAL,d:\AT82.03-ML-Car-Price-Prediction\.venv\Lib\site-packages\ipykernel_launcher.py,Fold-0,promb
a9c0436560354ab8bdfa3013c5b824dc,769694705593400528,FINISHED,mlflow-artifacts:/769694705593400528/a9c0436560354ab8bdfa3013c5b824dc/artifacts,2025-09-10 10:11:21.262000+00:00,2025-09-10 10:12:12.349000+00:00,,,,24.788036961988155,-34.087103042993284,24.788898555987455,batch,0.9,Normal,zero,500,0.0001,None,,,LOCAL,d:\AT82.03-ML-Car-Price-Prediction\.venv\Lib\site-packages\ipykernel_launcher.py,Reg-Normal_TrainMethod-batch_Momentum-0.9_WeightInit-zero_LR-0.0001,promb
a73640ff82004b2a98407886e6676f42,769694705593400528,FINISHED,mlflow-artifacts:/769694705593400528/a73640ff82004b2a98407886e6676f42/artifacts,2025-09-10 10:11:04.579000+00:00,2025-09-10 10:11:21.127000+00:00,22.414505960065295,23.877590409200383,-32.88077222468041,,,,batch,0.9,Normal,zero,500,0.001,None,,f87275c838134bfea2d9c42629ff3414,LOCAL,d:\AT82.03-ML-Car-Price-Prediction\.venv\Lib\site-packages\ipykernel_launcher.py,Fold-2,promb
9e47e4fde28b48c6a171bd8c9f5b47c5,769694705593400528,FINISHED,mlflow-artifacts:/769694705593400528/9e47e4fde28b48c6a171bd8c9f5b47c5/artifacts,2025-09-10 10:10:47.838000+00:00,2025-09-10 10:11:04.554000+00:00,23.23877493609242,22.01294373728522,-29.62277824504823,,,,batch,0.9,Normal,zero,500,0.001,None,,f87275c838134bfea2d9c42629ff3414,LOCAL,d:\AT82.03-ML-Car-Price-Prediction\.venv\Lib\site-packages\ipykernel_launcher.py,Fold-1,promb
37326654246c47e19cb6323520cae0fc,769694705593400528,FINISHED,mlflow-artifacts:/769694705593400528/37326654246c47e19cb6323520cae0fc/artifacts,2025-09-10 10:10:31.323000+00:00,2025-09-10 10:10:47.815000+00:00,22.916976041146338,22.695223772591724,-31.57768348896586,,,,batch,0.9,Normal,zero,500,0.001,None,,f87275c838134bfea2d9c42629ff3414,LOCAL,d:\AT82.03-ML-Car-Price-Prediction\.venv\Lib\site-packages\ipykernel_launcher.py,Fold-0,promb
f87275c838134bfea2d9c42629ff3414,769694705593400528,FINISHED,mlflow-artifacts:/769694705593400528/f87275c838134bfea2d9c42629ff3414/artifacts,2025-09-10 10:10:31.253000+00:00,2025-09-10 10:11:21.239000+00:00,,,,22.856752312434683,-31.360411319564832,22.86191930635911,batch,0.9,Normal,zero,500,0.001,None,,,LOCAL,d:\AT82.03-ML-Car-Price-Prediction\.venv\Lib\site-packages\ipykernel_launcher.py,Reg-Normal_TrainMethod-batch_Momentum-0.9_WeightInit-zero_LR-0.001,promb
e6449a4702504bd08f4675051cf3cf6a,769694705593400528,FINISHED,mlflow-artifacts:/769694705593400528/e6449a4702504bd08f4675051cf3cf6a/artifacts,2025-09-10 10:10:25.547000+00:00,2025-09-10 10:10:31.139000+00:00,inf,inf,-inf,,,,batch,0.9,Normal,zero,500,0.01,None,,a3237d968ab54d6ca6f2499f19377f08,LOCAL,d:\AT82.03-ML-Car-Price-Prediction\.venv\Lib\site-packages\ipykernel_launcher.py,Fold-2,promb
0ef3de686ec940e5ac089da302992932,769694705593400528,FINISHED,mlflow-artifacts:/769694705593400528/0ef3de686ec940e5ac089da302992932/artifacts,2025-09-10 10:10:19.835000+00:00,2025-09-10 10:10:25.524000+00:00,inf,inf,-inf,,,,batch,0.9,Normal,zero,500,0.01,None,,a3237d968ab54d6ca6f2499f19377f08,LOCAL,d:\AT82.03-ML-Car-Price-Prediction\.venv\Lib\site-packages\ipykernel_launcher.py,Fold-1,promb
5045f7bd1db947d09c704a4f39689538,769694705593400528,FINISHED,mlflow-artifacts:/769694705593400528/5045f7bd1db947d09c704a4f39689538/artifacts,2025-09-10 10:10:14.187000+00:00,2025-09-10 10:10:19.812000+00:00,inf,inf,-inf,,,,batch,0.9,Normal,zero,500,0.01,None,,a3237d968ab54d6ca6f2499f19377f08,LOCAL,d:\AT82.03-ML-Car-Price-Prediction\.venv\Lib\site-packages\ipykernel_launcher.py,Fold-0,promb
a3237d968ab54d6ca6f2499f19377f08,769694705593400528,FINISHED,mlflow-artifacts:/769694705593400528/a3237d968ab54d6ca6f2499f19377f08/artifacts,2025-09-10 10:10:14.112000+00:00,2025-09-10 10:10:31.232000+00:00,,,,inf,-inf,inf,batch,0.9,Normal,zero,500,0.01,None,,,LOCAL,d:\AT82.03-ML-Car-Price-Prediction\.venv\Lib\site-packages\ipykernel_launcher.py,Reg-Normal_TrainMethod-batch_Momentum-0.9_WeightInit-zero_LR-0.01,promb
d228e939d25a43988c703d3dd078b54a,769694705593400528,FINISHED,mlflow-artifacts:/769694705593400528/d228e939d25a43988c703d3dd078b54a/artifacts,2025-09-10 10:09:56.239000+00:00,2025-09-10 10:10:13.992000+00:00,2.716920096619829,2.4666032224695735,-2.4999520687377825,,,,mini-batch,0,Normal,xavier,500,0.0001,50,,3392425f6b1d4399a0e20cac23878ee6,LOCAL,d:\AT82.03-ML-Car-Price-Prediction\.venv\Lib\site-packages\ipykernel_launcher.py,Fold-2,promb
f4820c716e6c4c6d8ac423b1ee0f1c55,769694705593400528,FINISHED,mlflow-artifacts:/769694705593400528/f4820c716e6c4c6d8ac423b1ee0f1c55/artifacts,2025-09-10 10:09:39.584000+00:00,2025-09-10 10:09:56.216000+00:00,2.6665169697248747,2.6456216828938257,-2.680393094283191,,,,mini-batch,0,Normal,xavier,500,0.0001,50,,3392425f6b1d4399a0e20cac23878ee6,LOCAL,d:\AT82.03-ML-Car-Price-Prediction\.venv\Lib\site-packages\ipykernel_launcher.py,Fold-1,promb
0e1a1a35bfc646d7b444866c8d299bbb,769694705593400528,FINISHED,mlflow-artifacts:/769694705593400528/0e1a1a35bfc646d7b444866c8d299bbb/artifacts,2025-09-10 10:09:23.012000+00:00,2025-09-10 10:09:39.560000+00:00,1.7638146768134904,2.6023988328863106,-2.735593283385492,,,,mini-batch,0,Normal,xavier,500,0.0001,50,,3392425f6b1d4399a0e20cac23878ee6,LOCAL,d:\AT82.03-ML-Car-Price-Prediction\.venv\Lib\site-packages\ipykernel_launcher.py,Fold-0,promb
3392425f6b1d4399a0e20cac23878ee6,769694705593400528,FINISHED,mlflow-artifacts:/769694705593400528/3392425f6b1d4399a0e20cac23878ee6/artifacts,2025-09-10 10:09:22.939000+00:00,2025-09-10 10:10:14.092000+00:00,,,,2.3824172477193977,-2.6386461488021555,2.5715412460832368,mini-batch,0,Normal,xavier,500,0.0001,50,,,LOCAL,d:\AT82.03-ML-Car-Price-Prediction\.venv\Lib\site-packages\ipykernel_launcher.py,Reg-Normal_TrainMethod-mini-batch_BatchSize-50_Momentum-0_WeightInit-xavier_LR-0.0001,promb
53262a486977488186f8ec2a5e2c9461,769694705593400528,FINISHED,mlflow-artifacts:/769694705593400528/53262a486977488186f8ec2a5e2c9461/artifacts,2025-09-10 10:09:06.500000+00:00,2025-09-10 10:09:22.819000+00:00,0.20646041948335683,0.12248728811612089,0.8261983794025525,,,,mini-batch,0,Normal,xavier,500,0.001,50,,e35509de5851486fa0c9fdff3fbd7b86,LOCAL,d:\AT82.03-ML-Car-Price-Prediction\.venv\Lib\site-packages\ipykernel_launcher.py,Fold-2,promb
43f714600c7744e7890a6441e8e9638c,769694705593400528,FINISHED,mlflow-artifacts:/769694705593400528/43f714600c7744e7890a6441e8e9638c/artifacts,2025-09-10 10:08:45.334000+00:00,2025-09-10 10:09:06.476000+00:00,0.10568934058443047,0.12127892147605031,0.8312857397682274,,,,mini-batch,0,Normal,xavier,500,0.001,50,,e35509de5851486fa0c9fdff3fbd7b86,LOCAL,d:\AT82.03-ML-Car-Price-Prediction\.venv\Lib\site-packages\ipykernel_launcher.py,Fold-1,promb
b89e3bfa55ca4bfbbc93b178eca14cb0,769694705593400528,FINISHED,mlflow-artifacts:/769694705593400528/b89e3bfa55ca4bfbbc93b178eca14cb0/artifacts,2025-09-10 10:08:21.268000+00:00,2025-09-10 10:08:45.286000+00:00,0.11196066240425889,0.1394221177494175,0.7998675990634145,,,,mini-batch,0,Normal,xavier,500,0.001,50,,e35509de5851486fa0c9fdff3fbd7b86,LOCAL,d:\AT82.03-ML-Car-Price-Prediction\.venv\Lib\site-packages\ipykernel_launcher.py,Fold-0,promb
e35509de5851486fa0c9fdff3fbd7b86,769694705593400528,FINISHED,mlflow-artifacts:/769694705593400528/e35509de5851486fa0c9fdff3fbd7b86/artifacts,2025-09-10 10:08:21.155000+00:00,2025-09-10 10:09:22.917000+00:00,,,,0.14137014082401542,0.8191172394113981,0.12772944244719622,mini-batch,0,Normal,xavier,500,0.001,50,,,LOCAL,d:\AT82.03-ML-Car-Price-Prediction\.venv\Lib\site-packages\ipykernel_launcher.py,Reg-Normal_TrainMethod-mini-batch_BatchSize-50_Momentum-0_WeightInit-xavier_LR-0.001,promb
c8395a26e4554beeba0c36fc030535d8,769694705593400528,FINISHED,mlflow-artifacts:/769694705593400528/c8395a26e4554beeba0c36fc030535d8/artifacts,2025-09-10 10:08:20.756000+00:00,2025-09-10 10:08:20.980000+00:00,inf,inf,-inf,,,,mini-batch,0,Normal,xavier,500,0.01,50,,7dbaa2582e284ad1806db95792174608,LOCAL,d:\AT82.03-ML-Car-Price-Prediction\.venv\Lib\site-packages\ipykernel_launcher.py,Fold-2,promb
0e71e9ca87234a958a548791abb022ed,769694705593400528,FINISHED,mlflow-artifacts:/769694705593400528/0e71e9ca87234a958a548791abb022ed/artifacts,2025-09-10 10:08:20.483000+00:00,2025-09-10 10:08:20.724000+00:00,inf,inf,-inf,,,,mini-batch,0,Normal,xavier,500,0.01,50,,7dbaa2582e284ad1806db95792174608,LOCAL,d:\AT82.03-ML-Car-Price-Prediction\.venv\Lib\site-packages\ipykernel_launcher.py,Fold-1,promb
1d0bc8fa47a34b0180561ccac8199a85,769694705593400528,FINISHED,mlflow-artifacts:/769694705593400528/1d0bc8fa47a34b0180561ccac8199a85/artifacts,2025-09-10 10:08:20.217000+00:00,2025-09-10 10:08:20.454000+00:00,inf,inf,-inf,,,,mini-batch,0,Normal,xavier,500,0.01,50,,7dbaa2582e284ad1806db95792174608,LOCAL,d:\AT82.03-ML-Car-Price-Prediction\.venv\Lib\site-packages\ipykernel_launcher.py,Fold-0,promb
7dbaa2582e284ad1806db95792174608,769694705593400528,FINISHED,mlflow-artifacts:/769694705593400528/7dbaa2582e284ad1806db95792174608/artifacts,2025-09-10 10:08:20.125000+00:00,2025-09-10 10:08:21.116000+00:00,,,,inf,-inf,inf,mini-batch,0,Normal,xavier,500,0.01,50,,,LOCAL,d:\AT82.03-ML-Car-Price-Prediction\.venv\Lib\site-packages\ipykernel_launcher.py,Reg-Normal_TrainMethod-mini-batch_BatchSize-50_Momentum-0_WeightInit-xavier_LR-0.01,promb
4417d25dbad44e7ca17c2999e204f566,769694705593400528,FINISHED,mlflow-artifacts:/769694705593400528/4417d25dbad44e7ca17c2999e204f566/artifacts,2025-09-10 10:07:58.771000+00:00,2025-09-10 10:08:19.935000+00:00,1.9760626186226327,2.4665008416905683,-2.4998067969664604,,,,mini-batch,0,Normal,zero,500,0.0001,50,,0f0e7e72169846368c8d79192324b676,LOCAL,d:\AT82.03-ML-Car-Price-Prediction\.venv\Lib\site-packages\ipykernel_launcher.py,Fold-2,promb
a5b5c75bd07e40ffb7ec85336b8486d5,769694705593400528,FINISHED,mlflow-artifacts:/769694705593400528/a5b5c75bd07e40ffb7ec85336b8486d5/artifacts,2025-09-10 10:07:34.108000+00:00,2025-09-10 10:07:58.734000+00:00,3.056640060997847,2.648048795518529,-2.683769513746625,,,,mini-batch,0,Normal,zero,500,0.0001,50,,0f0e7e72169846368c8d79192324b676,LOCAL,d:\AT82.03-ML-Car-Price-Prediction\.venv\Lib\site-packages\ipykernel_launcher.py,Fold-1,promb
48f6d8eebc584b8bb2d403e022da19d4,769694705593400528,FINISHED,mlflow-artifacts:/769694705593400528/48f6d8eebc584b8bb2d403e022da19d4/artifacts,2025-09-10 10:07:10.591000+00:00,2025-09-10 10:07:34.051000+00:00,2.7761767005820728,2.562515377632426,-2.678342885913028,,,,mini-batch,0,Normal,zero,500,0.0001,50,,0f0e7e72169846368c8d79192324b676,LOCAL,d:\AT82.03-ML-Car-Price-Prediction\.venv\Lib\site-packages\ipykernel_launcher.py,Fold-0,promb
0f0e7e72169846368c8d79192324b676,769694705593400528,FINISHED,mlflow-artifacts:/769694705593400528/0f0e7e72169846368c8d79192324b676/artifacts,2025-09-10 10:07:10.474000+00:00,2025-09-10 10:08:20.095000+00:00,,,,2.602959793400851,-2.6206397322087045,2.559021671613841,mini-batch,0,Normal,zero,500,0.0001,50,,,LOCAL,d:\AT82.03-ML-Car-Price-Prediction\.venv\Lib\site-packages\ipykernel_launcher.py,Reg-Normal_TrainMethod-mini-batch_BatchSize-50_Momentum-0_WeightInit-zero_LR-0.0001,promb
0784802a7c3c4a088f7138a207687d18,769694705593400528,FINISHED,mlflow-artifacts:/769694705593400528/0784802a7c3c4a088f7138a207687d18/artifacts,2025-09-10 10:06:44.910000+00:00,2025-09-10 10:07:10.288000+00:00,0.10077394910988821,0.1192829552225985,0.8307451226474509,,,,mini-batch,0,Normal,zero,500,0.001,50,,b26479a88c194be8a947276a7b4acced,LOCAL,d:\AT82.03-ML-Car-Price-Prediction\.venv\Lib\site-packages\ipykernel_launcher.py,Fold-2,promb
cf69dd52667942b980abfaedbc709e5b,769694705593400528,FINISHED,mlflow-artifacts:/769694705593400528/cf69dd52667942b980abfaedbc709e5b/artifacts,2025-09-10 10:06:29.441000+00:00,2025-09-10 10:06:44.867000+00:00,0.23700230872882194,0.16654803008413555,0.7683107060425762,,,,mini-batch,0,Normal,zero,500,0.001,50,,b26479a88c194be8a947276a7b4acced,LOCAL,d:\AT82.03-ML-Car-Price-Prediction\.venv\Lib\site-packages\ipykernel_launcher.py,Fold-1,promb
38702664f7e14616bb92dc8b8b679c37,769694705593400528,FINISHED,mlflow-artifacts:/769694705593400528/38702664f7e14616bb92dc8b8b679c37/artifacts,2025-09-10 10:06:06.480000+00:00,2025-09-10 10:06:29.413000+00:00,0.04624634905846925,0.13605373407653737,0.8047027193629117,,,,mini-batch,0,Normal,zero,500,0.001,50,,b26479a88c194be8a947276a7b4acced,LOCAL,d:\AT82.03-ML-Car-Price-Prediction\.venv\Lib\site-packages\ipykernel_launcher.py,Fold-0,promb
b26479a88c194be8a947276a7b4acced,769694705593400528,FINISHED,mlflow-artifacts:/769694705593400528/b26479a88c194be8a947276a7b4acced/artifacts,2025-09-10 10:06:06.353000+00:00,2025-09-10 10:07:10.434000+00:00,,,,0.12800753563239312,0.8012528493509796,0.14062823979442382,mini-batch,0,Normal,zero,500,0.001,50,,,LOCAL,d:\AT82.03-ML-Car-Price-Prediction\.venv\Lib\site-packages\ipykernel_launcher.py,Reg-Normal_TrainMethod-mini-batch_BatchSize-50_Momentum-0_WeightInit-zero_LR-0.001,promb
9e18db6e3b7c41b0b8c989b45a187249,769694705593400528,FINISHED,mlflow-artifacts:/769694705593400528/9e18db6e3b7c41b0b8c989b45a187249/artifacts,2025-09-10 10:06:05.921000+00:00,2025-09-10 10:06:06.160000+00:00,inf,inf,-inf,,,,mini-batch,0,Normal,zero,500,0.01,50,,c577ff73fba140a9a611450424856521,LOCAL,d:\AT82.03-ML-Car-Price-Prediction\.venv\Lib\site-packages\ipykernel_launcher.py,Fold-2,promb
8d5aaa81dddb446a98571c02ad907856,769694705593400528,FINISHED,mlflow-artifacts:/769694705593400528/8d5aaa81dddb446a98571c02ad907856/artifacts,2025-09-10 10:06:05.624000+00:00,2025-09-10 10:06:05.893000+00:00,inf,inf,-inf,,,,mini-batch,0,Normal,zero,500,0.01,50,,c577ff73fba140a9a611450424856521,LOCAL,d:\AT82.03-ML-Car-Price-Prediction\.venv\Lib\site-packages\ipykernel_launcher.py,Fold-1,promb
f5a8bdba8a7e41c28920ebc22f2ea274,769694705593400528,FINISHED,mlflow-artifacts:/769694705593400528/f5a8bdba8a7e41c28920ebc22f2ea274/artifacts,2025-09-10 10:06:05.287000+00:00,2025-09-10 10:06:05.568000+00:00,inf,inf,-inf,,,,mini-batch,0,Normal,zero,500,0.01,50,,c577ff73fba140a9a611450424856521,LOCAL,d:\AT82.03-ML-Car-Price-Prediction\.venv\Lib\site-packages\ipykernel_launcher.py,Fold-0,promb
c577ff73fba140a9a611450424856521,769694705593400528,FINISHED,mlflow-artifacts:/769694705593400528/c577ff73fba140a9a611450424856521/artifacts,2025-09-10 10:06:05.155000+00:00,2025-09-10 10:06:06.317000+00:00,,,,inf,-inf,inf,mini-batch,0,Normal,zero,500,0.01,50,,,LOCAL,d:\AT82.03-ML-Car-Price-Prediction\.venv\Lib\site-packages\ipykernel_launcher.py,Reg-Normal_TrainMethod-mini-batch_BatchSize-50_Momentum-0_WeightInit-zero_LR-0.01,promb
02e02d93f4384436bd9ba31603bfa322,769694705593400528,FINISHED,mlflow-artifacts:/769694705593400528/02e02d93f4384436bd9ba31603bfa322/artifacts,2025-09-10 10:05:28.771000+00:00,2025-09-10 10:06:04.989000+00:00,0.09917496380822957,0.09320248193558624,0.8677516446543219,,,,stochastic,0,Normal,xavier,500,0.0001,None,,c3165b4a21494db4b8c7f786702dc455,LOCAL,d:\AT82.03-ML-Car-Price-Prediction\.venv\Lib\site-packages\ipykernel_launcher.py,Fold-2,promb
fc4d76db44a44ebbbb1bea8b1508aafb,769694705593400528,FINISHED,mlflow-artifacts:/769694705593400528/fc4d76db44a44ebbbb1bea8b1508aafb/artifacts,2025-09-10 10:04:58.168000+00:00,2025-09-10 10:05:28.747000+00:00,0.07880601199762921,0.08665149455043153,0.879456853481827,,,,stochastic,0,Normal,xavier,500,0.0001,None,,c3165b4a21494db4b8c7f786702dc455,LOCAL,d:\AT82.03-ML-Car-Price-Prediction\.venv\Lib\site-packages\ipykernel_launcher.py,Fold-1,promb
56ace7cbc40244429c02875b67ef8cbf,769694705593400528,FINISHED,mlflow-artifacts:/769694705593400528/56ace7cbc40244429c02875b67ef8cbf/artifacts,2025-09-10 10:04:12.655000+00:00,2025-09-10 10:04:58.142000+00:00,0.022422054920936674,0.10823542033449725,0.8446343027377092,,,,stochastic,0,Normal,xavier,500,0.0001,None,,c3165b4a21494db4b8c7f786702dc455,LOCAL,d:\AT82.03-ML-Car-Price-Prediction\.venv\Lib\site-packages\ipykernel_launcher.py,Fold-0,promb
c3165b4a21494db4b8c7f786702dc455,769694705593400528,FINISHED,mlflow-artifacts:/769694705593400528/c3165b4a21494db4b8c7f786702dc455/artifacts,2025-09-10 10:04:12.563000+00:00,2025-09-10 10:06:05.119000+00:00,,,,0.06680101024226515,0.863947600291286,0.09602979894017166,stochastic,0,Normal,xavier,500,0.0001,None,,,LOCAL,d:\AT82.03-ML-Car-Price-Prediction\.venv\Lib\site-packages\ipykernel_launcher.py,Reg-Normal_TrainMethod-stochastic_Momentum-0_WeightInit-xavier_LR-0.0001,promb
99ac82c24b0744fca1ed967906e8667e,769694705593400528,FINISHED,mlflow-artifacts:/769694705593400528/99ac82c24b0744fca1ed967906e8667e/artifacts,2025-09-10 10:03:20.587000+00:00,2025-09-10 10:04:12.387000+00:00,0.1704859577246799,0.10103552195617924,0.8566370623109436,,,,stochastic,0,Normal,xavier,500,0.001,None,,c86f9c7e7ee9427e80c8df7821e14369,LOCAL,d:\AT82.03-ML-Car-Price-Prediction\.venv\Lib\site-packages\ipykernel_launcher.py,Fold-2,promb
ad1a699bbdf948d6a01c06ee669f0b31,769694705593400528,FINISHED,mlflow-artifacts:/769694705593400528/ad1a699bbdf948d6a01c06ee669f0b31/artifacts,2025-09-10 10:02:39.421000+00:00,2025-09-10 10:03:20.542000+00:00,0.07947322535385834,0.1370673920509266,0.8093219879405251,,,,stochastic,0,Normal,xavier,500,0.001,None,,c86f9c7e7ee9427e80c8df7821e14369,LOCAL,d:\AT82.03-ML-Car-Price-Prediction\.venv\Lib\site-packages\ipykernel_launcher.py,Fold-1,promb
7f3fb1fcdc1c4d8d94ff31d962893807,769694705593400528,FINISHED,mlflow-artifacts:/769694705593400528/7f3fb1fcdc1c4d8d94ff31d962893807/artifacts,2025-09-10 10:01:55.600000+00:00,2025-09-10 10:02:39.396000+00:00,0.11561084235953517,0.12676559447581498,0.8180353075385387,,,,stochastic,0,Normal,xavier,500,0.001,None,,c86f9c7e7ee9427e80c8df7821e14369,LOCAL,d:\AT82.03-ML-Car-Price-Prediction\.venv\Lib\site-packages\ipykernel_launcher.py,Fold-0,promb
c86f9c7e7ee9427e80c8df7821e14369,769694705593400528,FINISHED,mlflow-artifacts:/769694705593400528/c86f9c7e7ee9427e80c8df7821e14369/artifacts,2025-09-10 10:01:55.525000+00:00,2025-09-10 10:04:12.537000+00:00,,,,0.12185667514602445,0.8279981192633358,0.12162283616097362,stochastic,0,Normal,xavier,500,0.001,None,,,LOCAL,d:\AT82.03-ML-Car-Price-Prediction\.venv\Lib\site-packages\ipykernel_launcher.py,Reg-Normal_TrainMethod-stochastic_Momentum-0_WeightInit-xavier_LR-0.001,promb
080dc07dd58541928ba9db14eb3f1a84,769694705593400528,FINISHED,mlflow-artifacts:/769694705593400528/080dc07dd58541928ba9db14eb3f1a84/artifacts,2025-09-10 10:01:15.707000+00:00,2025-09-10 10:01:55.408000+00:00,,,,,,,stochastic,0,Normal,xavier,500,0.01,None,,e3ef02d299b24d3a91786d96d8dabaf1,LOCAL,d:\AT82.03-ML-Car-Price-Prediction\.venv\Lib\site-packages\ipykernel_launcher.py,Fold-2,promb
71eed8f2e4064fe4be0181c6a4bbe450,769694705593400528,FINISHED,mlflow-artifacts:/769694705593400528/71eed8f2e4064fe4be0181c6a4bbe450/artifacts,2025-09-10 10:00:42.966000+00:00,2025-09-10 10:01:15.681000+00:00,,,,,,,stochastic,0,Normal,xavier,500,0.01,None,,e3ef02d299b24d3a91786d96d8dabaf1,LOCAL,d:\AT82.03-ML-Car-Price-Prediction\.venv\Lib\site-packages\ipykernel_launcher.py,Fold-1,promb
188917c91cf3442a9efbdbae9dc6c092,769694705593400528,FINISHED,mlflow-artifacts:/769694705593400528/188917c91cf3442a9efbdbae9dc6c092/artifacts,2025-09-10 10:00:09.261000+00:00,2025-09-10 10:00:42.943000+00:00,,,,,,,stochastic,0,Normal,xavier,500,0.01,None,,e3ef02d299b24d3a91786d96d8dabaf1,LOCAL,d:\AT82.03-ML-Car-Price-Prediction\.venv\Lib\site-packages\ipykernel_launcher.py,Fold-0,promb
e3ef02d299b24d3a91786d96d8dabaf1,769694705593400528,FINISHED,mlflow-artifacts:/769694705593400528/e3ef02d299b24d3a91786d96d8dabaf1/artifacts,2025-09-10 10:00:09.188000+00:00,2025-09-10 10:01:55.504000+00:00,,,,,,,stochastic,0,Normal,xavier,500,0.01,None,,,LOCAL,d:\AT82.03-ML-Car-Price-Prediction\.venv\Lib\site-packages\ipykernel_launcher.py,Reg-Normal_TrainMethod-stochastic_Momentum-0_WeightInit-xavier_LR-0.01,promb
e6ad72dc622c438ebf76e23b14ddeeec,769694705593400528,FINISHED,mlflow-artifacts:/769694705593400528/e6ad72dc622c438ebf76e23b14ddeeec/artifacts,2025-09-10 09:59:35.773000+00:00,2025-09-10 10:00:09.061000+00:00,0.05941368598382313,0.09385270801932899,0.8668290154668581,,,,stochastic,0,Normal,zero,500,0.0001,None,,50556fdb025a43baaff295a3625a929e,LOCAL,d:\AT82.03-ML-Car-Price-Prediction\.venv\Lib\site-packages\ipykernel_launcher.py,Fold-2,promb
65135b683afd43e2ae09e37ca57aebb8,769694705593400528,FINISHED,mlflow-artifacts:/769694705593400528/65135b683afd43e2ae09e37ca57aebb8/artifacts,2025-09-10 09:59:16.953000+00:00,2025-09-10 09:59:35.750000+00:00,0.0540730256969829,0.08728469206400838,0.878575995961134,,,,stochastic,0,Normal,zero,500,0.0001,None,,50556fdb025a43baaff295a3625a929e,LOCAL,d:\AT82.03-ML-Car-Price-Prediction\.venv\Lib\site-packages\ipykernel_launcher.py,Fold-1,promb
05ba699242a94363a9301ce3f6941533,769694705593400528,FINISHED,mlflow-artifacts:/769694705593400528/05ba699242a94363a9301ce3f6941533/artifacts,2025-09-10 09:58:44.035000+00:00,2025-09-10 09:59:16.927000+00:00,0.11890949879332118,0.1583164081941564,0.7727459359317801,,,,stochastic,0,Normal,zero,500,0.0001,None,,50556fdb025a43baaff295a3625a929e,LOCAL,d:\AT82.03-ML-Car-Price-Prediction\.venv\Lib\site-packages\ipykernel_launcher.py,Fold-0,promb
50556fdb025a43baaff295a3625a929e,769694705593400528,FINISHED,mlflow-artifacts:/769694705593400528/50556fdb025a43baaff295a3625a929e/artifacts,2025-09-10 09:58:43.966000+00:00,2025-09-10 10:00:09.167000+00:00,,,,0.07746540349137573,0.8393836491199241,0.11315126942583126,stochastic,0,Normal,zero,500,0.0001,None,,,LOCAL,d:\AT82.03-ML-Car-Price-Prediction\.venv\Lib\site-packages\ipykernel_launcher.py,Reg-Normal_TrainMethod-stochastic_Momentum-0_WeightInit-zero_LR-0.0001,promb
8b7d4d4f0bec4dbb986a54ca95923f5f,769694705593400528,FINISHED,mlflow-artifacts:/769694705593400528/8b7d4d4f0bec4dbb986a54ca95923f5f/artifacts,2025-09-10 09:58:09.694000+00:00,2025-09-10 09:58:43.850000+00:00,0.05253812396083354,0.10021683402664351,0.8577987280732061,,,,stochastic,0,Normal,zero,500,0.001,None,,5d2a41ab1deb4bada37c962bdedaf951,LOCAL,d:\AT82.03-ML-Car-Price-Prediction\.venv\Lib\site-packages\ipykernel_launcher.py,Fold-2,promb
dc055eff5ee64453998809beebf28583,769694705593400528,FINISHED,mlflow-artifacts:/769694705593400528/dc055eff5ee64453998809beebf28583/artifacts,2025-09-10 09:57:26.559000+00:00,2025-09-10 09:58:09.652000+00:00,0.14368656865584564,0.21061894715375606,0.7070025077122908,,,,stochastic,0,Normal,zero,500,0.001,None,,5d2a41ab1deb4bada37c962bdedaf951,LOCAL,d:\AT82.03-ML-Car-Price-Prediction\.venv\Lib\site-packages\ipykernel_launcher.py,Fold-1,promb
7338fdef43ee44c593e6e960d657d3a7,769694705593400528,FINISHED,mlflow-artifacts:/769694705593400528/7338fdef43ee44c593e6e960d657d3a7/artifacts,2025-09-10 09:56:50.192000+00:00,2025-09-10 09:57:26.530000+00:00,0.0014044362078914584,0.11678922261116916,0.832355813396126,,,,stochastic,0,Normal,zero,500,0.001,None,,5d2a41ab1deb4bada37c962bdedaf951,LOCAL,d:\AT82.03-ML-Car-Price-Prediction\.venv\Lib\site-packages\ipykernel_launcher.py,Fold-0,promb
5d2a41ab1deb4bada37c962bdedaf951,769694705593400528,FINISHED,mlflow-artifacts:/769694705593400528/5d2a41ab1deb4bada37c962bdedaf951/artifacts,2025-09-10 09:56:50.127000+00:00,2025-09-10 09:58:43.946000+00:00,,,,0.06587637627485689,0.7990523497272076,0.1425416679305229,stochastic,0,Normal,zero,500,0.001,None,,,LOCAL,d:\AT82.03-ML-Car-Price-Prediction\.venv\Lib\site-packages\ipykernel_launcher.py,Reg-Normal_TrainMethod-stochastic_Momentum-0_WeightInit-zero_LR-0.001,promb
1e887cbd426c46848de2d34425e04e2b,769694705593400528,FINISHED,mlflow-artifacts:/769694705593400528/1e887cbd426c46848de2d34425e04e2b/artifacts,2025-09-10 09:56:17.382000+00:00,2025-09-10 09:56:50.009000+00:00,,,,,,,stochastic,0,Normal,zero,500,0.01,None,,e9da2bfb68044974b6f98ef1a2004e54,LOCAL,d:\AT82.03-ML-Car-Price-Prediction\.venv\Lib\site-packages\ipykernel_launcher.py,Fold-2,promb
7d79996e2263435aa9359ece80daae81,769694705593400528,FINISHED,mlflow-artifacts:/769694705593400528/7d79996e2263435aa9359ece80daae81/artifacts,2025-09-10 09:55:43.608000+00:00,2025-09-10 09:56:17.358000+00:00,,,,,,,stochastic,0,Normal,zero,500,0.01,None,,e9da2bfb68044974b6f98ef1a2004e54,LOCAL,d:\AT82.03-ML-Car-Price-Prediction\.venv\Lib\site-packages\ipykernel_launcher.py,Fold-1,promb
a99f0f02444741e7905f7952c2b7985b,769694705593400528,FINISHED,mlflow-artifacts:/769694705593400528/a99f0f02444741e7905f7952c2b7985b/artifacts,2025-09-10 09:54:08.652000+00:00,2025-09-10 09:55:43.584000+00:00,,,,,,,stochastic,0,Normal,zero,500,0.01,None,,e9da2bfb68044974b6f98ef1a2004e54,LOCAL,d:\AT82.03-ML-Car-Price-Prediction\.venv\Lib\site-packages\ipykernel_launcher.py,Fold-0,promb
e9da2bfb68044974b6f98ef1a2004e54,769694705593400528,FINISHED,mlflow-artifacts:/769694705593400528/e9da2bfb68044974b6f98ef1a2004e54/artifacts,2025-09-10 09:54:08.567000+00:00,2025-09-10 09:56:50.105000+00:00,,,,,,,stochastic,0,Normal,zero,500,0.01,None,,,LOCAL,d:\AT82.03-ML-Car-Price-Prediction\.venv\Lib\site-packages\ipykernel_launcher.py,Reg-Normal_TrainMethod-stochastic_Momentum-0_WeightInit-zero_LR-0.01,promb
4d088d928cc849719dcb2ebbe5806396,769694705593400528,FINISHED,mlflow-artifacts:/769694705593400528/4d088d928cc849719dcb2ebbe5806396/artifacts,2025-09-10 09:53:51.937000+00:00,2025-09-10 09:54:08.450000+00:00,22.42904371367591,23.893357636067382,-32.903144910237906,,,,batch,0,Normal,xavier,500,0.0001,None,,ab4eee6fa3864d44aa698e4f63bc8abf,LOCAL,d:\AT82.03-ML-Car-Price-Prediction\.venv\Lib\site-packages\ipykernel_launcher.py,Fold-2,promb
a3af3ec5b5f14211b273c8ef7c25bfcc,769694705593400528,FINISHED,mlflow-artifacts:/769694705593400528/a3af3ec5b5f14211b273c8ef7c25bfcc/artifacts,2025-09-10 09:53:34.549000+00:00,2025-09-10 09:53:51.915000+00:00,23.309975464534215,22.080448298405102,-29.716685594759124,,,,batch,0,Normal,xavier,500,0.0001,None,,ab4eee6fa3864d44aa698e4f63bc8abf,LOCAL,d:\AT82.03-ML-Car-Price-Prediction\.venv\Lib\site-packages\ipykernel_launcher.py,Fold-1,promb
85c81ea61e564af883e3c966888d8acf,769694705593400528,FINISHED,mlflow-artifacts:/769694705593400528/85c81ea61e564af883e3c966888d8acf/artifacts,2025-09-10 09:53:14.223000+00:00,2025-09-10 09:53:34.517000+00:00,22.89363028907115,22.67162885865396,-31.543814352185542,,,,batch,0,Normal,xavier,500,0.0001,None,,ab4eee6fa3864d44aa698e4f63bc8abf,LOCAL,d:\AT82.03-ML-Car-Price-Prediction\.venv\Lib\site-packages\ipykernel_launcher.py,Fold-0,promb
ab4eee6fa3864d44aa698e4f63bc8abf,769694705593400528,FINISHED,mlflow-artifacts:/769694705593400528/ab4eee6fa3864d44aa698e4f63bc8abf/artifacts,2025-09-10 09:53:14.148000+00:00,2025-09-10 09:54:08.546000+00:00,,,,22.877549822427095,-31.387881619060853,22.881811597708815,batch,0,Normal,xavier,500,0.0001,None,,,LOCAL,d:\AT82.03-ML-Car-Price-Prediction\.venv\Lib\site-packages\ipykernel_launcher.py,Reg-Normal_TrainMethod-batch_Momentum-0_WeightInit-xavier_LR-0.0001,promb
e9df18c85eab4d1bb6689db5ac238a31,769694705593400528,FINISHED,mlflow-artifacts:/769694705593400528/e9df18c85eab4d1bb6689db5ac238a31/artifacts,2025-09-10 09:52:57.559000+00:00,2025-09-10 09:53:14.030000+00:00,12.004431883776684,12.630677794692552,-16.922123215599537,,,,batch,0,Normal,xavier,500,0.001,None,,3fc02ea2897a4cd1873358642a9bf4e2,LOCAL,d:\AT82.03-ML-Car-Price-Prediction\.venv\Lib\site-packages\ipykernel_launcher.py,Fold-2,promb
f17405b92fd64735a376cb483bb7a7ad,769694705593400528,FINISHED,mlflow-artifacts:/769694705593400528/f17405b92fd64735a376cb483bb7a7ad/artifacts,2025-09-10 09:52:37.247000+00:00,2025-09-10 09:52:57.535000+00:00,12.062005473440042,11.458995918824902,-14.94090709180015,,,,batch,0,Normal,xavier,500,0.001,None,,3fc02ea2897a4cd1873358642a9bf4e2,LOCAL,d:\AT82.03-ML-Car-Price-Prediction\.venv\Lib\site-packages\ipykernel_launcher.py,Fold-1,promb
d51106c3ec2d40968c9edc6f9c9fa912,769694705593400528,FINISHED,mlflow-artifacts:/769694705593400528/d51106c3ec2d40968c9edc6f9c9fa912/artifacts,2025-09-10 09:52:14.728000+00:00,2025-09-10 09:52:37.204000+00:00,11.97869905941238,12.10856182299838,-16.38114144759409,,,,batch,0,Normal,xavier,500,0.001,None,,3fc02ea2897a4cd1873358642a9bf4e2,LOCAL,d:\AT82.03-ML-Car-Price-Prediction\.venv\Lib\site-packages\ipykernel_launcher.py,Fold-0,promb
3fc02ea2897a4cd1873358642a9bf4e2,769694705593400528,FINISHED,mlflow-artifacts:/769694705593400528/3fc02ea2897a4cd1873358642a9bf4e2/artifacts,2025-09-10 09:52:14.606000+00:00,2025-09-10 09:53:14.126000+00:00,,,,12.015045472209701,-16.081390584997923,12.066078512171947,batch,0,Normal,xavier,500,0.001,None,,,LOCAL,d:\AT82.03-ML-Car-Price-Prediction\.venv\Lib\site-packages\ipykernel_launcher.py,Reg-Normal_TrainMethod-batch_Momentum-0_WeightInit-xavier_LR-0.001,promb
83ad1f502be343ab9065c4350e968f8e,769694705593400528,FINISHED,mlflow-artifacts:/769694705593400528/83ad1f502be343ab9065c4350e968f8e/artifacts,2025-09-10 09:52:05.775000+00:00,2025-09-10 09:52:14.404000+00:00,inf,inf,-inf,,,,batch,0,Normal,xavier,500,0.01,None,,b3ec879409e7431d88a4577fc38128a7,LOCAL,d:\AT82.03-ML-Car-Price-Prediction\.venv\Lib\site-packages\ipykernel_launcher.py,Fold-2,promb
533d07e45bbc49febee0b18da717b7e1,769694705593400528,FINISHED,mlflow-artifacts:/769694705593400528/533d07e45bbc49febee0b18da717b7e1/artifacts,2025-09-10 09:51:57.415000+00:00,2025-09-10 09:52:05.746000+00:00,inf,inf,-inf,,,,batch,0,Normal,xavier,500,0.01,None,,b3ec879409e7431d88a4577fc38128a7,LOCAL,d:\AT82.03-ML-Car-Price-Prediction\.venv\Lib\site-packages\ipykernel_launcher.py,Fold-1,promb
bdcdb25181b144278ec61d4de2a6fbb4,769694705593400528,FINISHED,mlflow-artifacts:/769694705593400528/bdcdb25181b144278ec61d4de2a6fbb4/artifacts,2025-09-10 09:51:44.755000+00:00,2025-09-10 09:51:57.387000+00:00,inf,inf,-inf,,,,batch,0,Normal,xavier,500,0.01,None,,b3ec879409e7431d88a4577fc38128a7,LOCAL,d:\AT82.03-ML-Car-Price-Prediction\.venv\Lib\site-packages\ipykernel_launcher.py,Fold-0,promb
b3ec879409e7431d88a4577fc38128a7,769694705593400528,FINISHED,mlflow-artifacts:/769694705593400528/b3ec879409e7431d88a4577fc38128a7/artifacts,2025-09-10 09:51:44.636000+00:00,2025-09-10 09:52:14.578000+00:00,,,,inf,-inf,inf,batch,0,Normal,xavier,500,0.01,None,,,LOCAL,d:\AT82.03-ML-Car-Price-Prediction\.venv\Lib\site-packages\ipykernel_launcher.py,Reg-Normal_TrainMethod-batch_Momentum-0_WeightInit-xavier_LR-0.01,promb
fabcab0d806c4494a9a78e2aede621f6,769694705593400528,FINISHED,mlflow-artifacts:/769694705593400528/fabcab0d806c4494a9a78e2aede621f6/artifacts,2025-09-10 09:51:09.357000+00:00,2025-09-10 09:51:44.440000+00:00,22.445168378410298,23.91038964956118,-32.92731224705128,,,,batch,0,Normal,zero,500,0.0001,None,,017b6875ee1441f5bfb158f1afd963b7,LOCAL,d:\AT82.03-ML-Car-Price-Prediction\.venv\Lib\site-packages\ipykernel_launcher.py,Fold-2,promb
e8dbc11c30d046618a3aca1f05f99216,769694705593400528,FINISHED,mlflow-artifacts:/769694705593400528/e8dbc11c30d046618a3aca1f05f99216/artifacts,2025-09-10 09:50:47.950000+00:00,2025-09-10 09:51:09.324000+00:00,23.271790469490657,22.044336099195423,-29.66644897572548,,,,batch,0,Normal,zero,500,0.0001,None,,017b6875ee1441f5bfb158f1afd963b7,LOCAL,d:\AT82.03-ML-Car-Price-Prediction\.venv\Lib\site-packages\ipykernel_launcher.py,Fold-1,promb
de5897dc25c846f18848668fbd9ff13d,769694705593400528,FINISHED,mlflow-artifacts:/769694705593400528/de5897dc25c846f18848668fbd9ff13d/artifacts,2025-09-10 09:50:20.857000+00:00,2025-09-10 09:50:47.913000+00:00,22.949542079913442,22.726925296053363,-31.623189195708377,,,,batch,0,Normal,zero,500,0.0001,None,,017b6875ee1441f5bfb158f1afd963b7,LOCAL,d:\AT82.03-ML-Car-Price-Prediction\.venv\Lib\site-packages\ipykernel_launcher.py,Fold-0,promb
017b6875ee1441f5bfb158f1afd963b7,769694705593400528,FINISHED,mlflow-artifacts:/769694705593400528/017b6875ee1441f5bfb158f1afd963b7/artifacts,2025-09-10 09:50:20.742000+00:00,2025-09-10 09:51:44.588000+00:00,,,,22.888833642604798,-31.405650139495048,22.893883681603324,batch,0,Normal,zero,500,0.0001,None,,,LOCAL,d:\AT82.03-ML-Car-Price-Prediction\.venv\Lib\site-packages\ipykernel_launcher.py,Reg-Normal_TrainMethod-batch_Momentum-0_WeightInit-zero_LR-0.0001,promb
40bbeab4e2f342fab264e5120241bb6a,769694705593400528,FINISHED,mlflow-artifacts:/769694705593400528/40bbeab4e2f342fab264e5120241bb6a/artifacts,2025-09-10 09:50:02.085000+00:00,2025-09-10 09:50:20.533000+00:00,12.019689702116025,12.651457301612359,-16.951608005682036,,,,batch,0,Normal,zero,500,0.001,None,,25bafefc63a24461bb488104d674e437,LOCAL,d:\AT82.03-ML-Car-Price-Prediction\.venv\Lib\site-packages\ipykernel_launcher.py,Fold-2,promb
38c04585fe3f443f95d1fb1c7589e0a7,769694705593400528,FINISHED,mlflow-artifacts:/769694705593400528/38c04585fe3f443f95d1fb1c7589e0a7/artifacts,2025-09-10 09:49:40.743000+00:00,2025-09-10 09:50:02.060000+00:00,12.083536035356094,11.477878254543468,-14.967174799852245,,,,batch,0,Normal,zero,500,0.001,None,,25bafefc63a24461bb488104d674e437,LOCAL,d:\AT82.03-ML-Car-Price-Prediction\.venv\Lib\site-packages\ipykernel_launcher.py,Fold-1,promb
e5f0d7f3470841458830386140b34a3d,769694705593400528,FINISHED,mlflow-artifacts:/769694705593400528/e5f0d7f3470841458830386140b34a3d/artifacts,2025-09-10 09:49:03.590000+00:00,2025-09-10 09:49:40.703000+00:00,11.975079568466512,12.097783612252575,-16.365669948314217,,,,batch,0,Normal,zero,500,0.001,None,,25bafefc63a24461bb488104d674e437,LOCAL,d:\AT82.03-ML-Car-Price-Prediction\.venv\Lib\site-packages\ipykernel_launcher.py,Fold-0,promb
25bafefc63a24461bb488104d674e437,769694705593400528,FINISHED,mlflow-artifacts:/769694705593400528/25bafefc63a24461bb488104d674e437/artifacts,2025-09-10 09:49:03.496000+00:00,2025-09-10 09:50:20.706000+00:00,,,,12.026101768646209,-16.094817584616166,12.075706389469467,batch,0,Normal,zero,500,0.001,None,,,LOCAL,d:\AT82.03-ML-Car-Price-Prediction\.venv\Lib\site-packages\ipykernel_launcher.py,Reg-Normal_TrainMethod-batch_Momentum-0_WeightInit-zero_LR-0.001,promb
5721ff64e7404aac913cf9a557f82093,769694705593400528,FINISHED,mlflow-artifacts:/769694705593400528/5721ff64e7404aac913cf9a557f82093/artifacts,2025-09-10 09:48:55.944000+00:00,2025-09-10 09:49:03.325000+00:00,inf,inf,-inf,,,,batch,0,Normal,zero,500,0.01,None,,13e082e0fa874dbc87948bb105bc8813,LOCAL,d:\AT82.03-ML-Car-Price-Prediction\.venv\Lib\site-packages\ipykernel_launcher.py,Fold-2,promb
c883802a3e3347dc9ad940257e696bf4,769694705593400528,FINISHED,mlflow-artifacts:/769694705593400528/c883802a3e3347dc9ad940257e696bf4/artifacts,2025-09-10 09:48:49.290000+00:00,2025-09-10 09:48:55.920000+00:00,inf,inf,-inf,,,,batch,0,Normal,zero,500,0.01,None,,13e082e0fa874dbc87948bb105bc8813,LOCAL,d:\AT82.03-ML-Car-Price-Prediction\.venv\Lib\site-packages\ipykernel_launcher.py,Fold-1,promb
b6c7ef49dc884734a69e0f4b74348e20,769694705593400528,FINISHED,mlflow-artifacts:/769694705593400528/b6c7ef49dc884734a69e0f4b74348e20/artifacts,2025-09-10 09:48:42.709000+00:00,2025-09-10 09:48:49.266000+00:00,inf,inf,-inf,,,,batch,0,Normal,zero,500,0.01,None,,13e082e0fa874dbc87948bb105bc8813,LOCAL,d:\AT82.03-ML-Car-Price-Prediction\.venv\Lib\site-packages\ipykernel_launcher.py,Fold-0,promb
13e082e0fa874dbc87948bb105bc8813,769694705593400528,FINISHED,mlflow-artifacts:/769694705593400528/13e082e0fa874dbc87948bb105bc8813/artifacts,2025-09-10 09:48:40.555000+00:00,2025-09-10 09:49:03.466000+00:00,,,,inf,-inf,inf,batch,0,Normal,zero,500,0.01,None,,,LOCAL,d:\AT82.03-ML-Car-Price-Prediction\.venv\Lib\site-packages\ipykernel_launcher.py,Reg-Normal_TrainMethod-batch_Momentum-0_WeightInit-zero_LR-0.01,promb
